population_site_id,contig,accessibility_records_expected,accessibility_records_found,accessibility_complete,accessibility_missing_positions,accessibility_fraction_23bp,pam_accessibility_fraction,protospacer_accessibility_fraction
AGAP007999__SITE01,3R,23,23,TRUE,,1,1,1
AGAP007999__SITE02,3R,23,23,TRUE,,1,1,1
AGAP007999__SITE03,3R,23,23,TRUE,,1,1,1
AGAP007999__SITE04,3R,23,23,TRUE,,1,1,1
AGAP007999__SITE05,3R,23,23,TRUE,,1,1,1
AGAP005917__SITE01,2L,23,23,TRUE,,1,1,1
AGAP005917__SITE02,2L,23,23,TRUE,,1,1,1
AGAP005917__SITE03,2L,23,23,TRUE,,1,1,1
AGAP005917__SITE04,2L,23,23,TRUE,,1,1,1
AGAP005917__SITE05,2L,23,23,TRUE,,1,1,1
AGAP011966__SITE01,3L,23,23,TRUE,,1,1,1
AGAP011966__SITE02,3L,23,23,TRUE,,1,1,1
AGAP011966__SITE03,3L,23,23,TRUE,,1,1,1
AGAP011966__SITE04,3L,23,23,TRUE,,1,1,1
AGAP011966__SITE05,3L,23,23,TRUE,,1,1,1
AGAP004036__SITE01,2R,23,23,TRUE,,1,1,1
AGAP004036__SITE02,2R,23,23,TRUE,,1,1,1
AGAP004036__SITE03,2R,23,23,TRUE,,1,1,1
AGAP004036__SITE04,2R,23,23,TRUE,,1,1,1
AGAP004036__SITE05,2R,23,23,TRUE,,1,1,1
AGAP004825__SITE01,2L,23,23,TRUE,,0,0,0
AGAP004825__SITE02,2L,23,23,TRUE,,1,1,1
AGAP004825__SITE03,2L,23,23,TRUE,,1,1,1
AGAP004825__SITE04,2L,23,23,TRUE,,1,1,1
AGAP004825__SITE05,2L,23,23,TRUE,,1,1,1
AGAP003595__SITE01,2R,23,23,TRUE,,1,1,1
AGAP003595__SITE02,2R,23,23,TRUE,,1,1,1
AGAP003595__SITE03,2R,23,23,TRUE,,1,1,1
AGAP003595__SITE04,2R,23,23,TRUE,,1,1,1
AGAP003595__SITE05,2R,23,23,TRUE,,1,1,1
AGAP007413__SITE01,2L,23,23,TRUE,,1,1,1
AGAP007413__SITE02,2L,23,23,TRUE,,1,1,1
AGAP007413__SITE03,2L,23,23,TRUE,,1,1,1
AGAP007413__SITE04,2L,23,23,TRUE,,1,1,1
AGAP007413__SITE05,2L,23,23,TRUE,,1,1,1
AGAP009600__SITE01,3R,23,23,TRUE,,1,1,1
AGAP009600__SITE02,3R,23,23,TRUE,,1,1,1
AGAP009600__SITE03,3R,23,23,TRUE,,1,1,1
AGAP009600__SITE04,3R,23,23,TRUE,,1,1,1
AGAP009600__SITE05,3R,23,23,TRUE,,1,1,1
AGAP005763__SITE01,2L,23,23,TRUE,,1,1,1
AGAP005763__SITE02,2L,23,23,TRUE,,1,1,1
AGAP005763__SITE03,2L,23,23,TRUE,,1,1,1
AGAP005763__SITE04,2L,23,23,TRUE,,1,1,1
AGAP005763__SITE05,2L,23,23,TRUE,,1,1,1
AGAP011204__SITE01,3L,23,23,TRUE,,1,1,1
AGAP011204__SITE02,3L,23,23,TRUE,,1,1,1
AGAP011204__SITE03,3L,23,23,TRUE,,1,1,1
AGAP011204__SITE04,3L,23,23,TRUE,,1,1,1
AGAP011204__SITE05,3L,23,23,TRUE,,1,1,1
AGAP009921__SITE01,3R,23,23,TRUE,,1,1,1
AGAP009921__SITE02,3R,23,23,TRUE,,1,1,1
AGAP009921__SITE03,3R,23,23,TRUE,,1,1,1
AGAP009921__SITE04,3R,23,23,TRUE,,1,1,1
AGAP009921__SITE05,3R,23,23,TRUE,,1,1,1
AGAP002300__SITE01,2R,23,23,TRUE,,1,1,1
AGAP002300__SITE02,2R,23,23,TRUE,,1,1,1
AGAP002300__SITE03,2R,23,23,TRUE,,1,1,1
AGAP002300__SITE04,2R,23,23,TRUE,,1,1,1
AGAP002300__SITE05,2R,23,23,TRUE,,1,1,1
AGAP004038__SITE01,2R,23,23,TRUE,,1,1,1
AGAP004038__SITE02,2R,23,23,TRUE,,1,1,1
AGAP004038__SITE03,2R,23,23,TRUE,,1,1,1
AGAP004038__SITE04,2R,23,23,TRUE,,0,0,0
AGAP004038__SITE05,2R,23,23,TRUE,,1,1,1
AGAP003769__SITE01,2R,23,23,TRUE,,1,1,1
AGAP003769__SITE02,2R,23,23,TRUE,,1,1,1
AGAP003769__SITE03,2R,23,23,TRUE,,1,1,1
AGAP003769__SITE04,2R,23,23,TRUE,,1,1,1
AGAP003769__SITE05,2R,23,23,TRUE,,1,1,1
AGAP002004__SITE01,2R,23,23,TRUE,,1,1,1
AGAP002004__SITE02,2R,23,23,TRUE,,1,1,1
AGAP002004__SITE03,2R,23,23,TRUE,,1,1,1
AGAP002004__SITE04,2R,23,23,TRUE,,1,1,1
AGAP002004__SITE05,2R,23,23,TRUE,,1,1,1
AGAP009488__SITE01,3R,23,23,TRUE,,1,1,1
AGAP009488__SITE02,3R,23,23,TRUE,,1,1,1
AGAP009488__SITE03,3R,23,23,TRUE,,1,1,1
AGAP009488__SITE04,3R,23,23,TRUE,,1,1,1
AGAP009488__SITE05,3R,23,23,TRUE,,1,1,1
AGAP005127__SITE01,2L,23,23,TRUE,,1,1,1
AGAP005127__SITE02,2L,23,23,TRUE,,1,1,1
AGAP005127__SITE03,2L,23,23,TRUE,,1,1,1
AGAP005127__SITE04,2L,23,23,TRUE,,1,1,1
AGAP005127__SITE05,2L,23,23,TRUE,,1,1,1
AGAP010711__SITE01,3L,23,23,TRUE,,1,1,1
AGAP010711__SITE02,3L,23,23,TRUE,,1,1,1
AGAP010711__SITE03,3L,23,23,TRUE,,1,1,1
AGAP010711__SITE04,3L,23,23,TRUE,,1,1,1
AGAP010711__SITE05,3L,23,23,TRUE,,1,1,1
AGAP005321__SITE01,2L,23,23,TRUE,,1,1,1
AGAP005321__SITE02,2L,23,23,TRUE,,1,1,1
AGAP005321__SITE03,2L,23,23,TRUE,,1,1,1
AGAP005321__SITE04,2L,23,23,TRUE,,1,1,1
AGAP005321__SITE05,2L,23,23,TRUE,,1,1,1
AGAP001099__SITE01,2R,23,23,TRUE,,1,1,1
AGAP001099__SITE02,2R,23,23,TRUE,,1,1,1
AGAP001099__SITE03,2R,23,23,TRUE,,1,1,1
AGAP001099__SITE04,2R,23,23,TRUE,,1,1,1
AGAP001099__SITE05,2R,23,23,TRUE,,1,1,1
AGAP006939__SITE01,2L,23,23,TRUE,,1,1,1
AGAP006939__SITE02,2L,23,23,TRUE,,1,1,1
AGAP006939__SITE03,2L,23,23,TRUE,,1,1,1
AGAP006939__SITE04,2L,23,23,TRUE,,1,1,1
AGAP006939__SITE05,2L,23,23,TRUE,,1,1,1
AGAP004957__SITE01,2L,23,23,TRUE,,1,1,1
AGAP004957__SITE02,2L,23,23,TRUE,,1,1,1
AGAP004957__SITE03,2L,23,23,TRUE,,1,1,1
AGAP004957__SITE04,2L,23,23,TRUE,,1,1,1
AGAP004957__SITE05,2L,23,23,TRUE,,1,1,1
AGAP010175__SITE01,3R,23,23,TRUE,,1,1,1
AGAP010175__SITE02,3R,23,23,TRUE,,1,1,1
AGAP010175__SITE03,3R,23,23,TRUE,,1,1,1
AGAP010175__SITE04,3R,23,23,TRUE,,1,1,1
AGAP010175__SITE05,3R,23,23,TRUE,,1,1,1
AGAP007280__SITE01,2L,23,23,TRUE,,1,1,1
AGAP007280__SITE02,2L,23,23,TRUE,,1,1,1
AGAP007280__SITE03,2L,23,23,TRUE,,1,1,1
AGAP007280__SITE04,2L,23,23,TRUE,,1,1,1
AGAP007280__SITE05,2L,23,23,TRUE,,1,1,1
AGAP001135__SITE01,2R,23,23,TRUE,,1,1,1
AGAP001135__SITE02,2R,23,23,TRUE,,1,1,1
AGAP001135__SITE03,2R,23,23,TRUE,,1,1,1
AGAP001135__SITE04,2R,23,23,TRUE,,1,1,1
AGAP001135__SITE05,2R,23,23,TRUE,,1,1,1
AGAP009048__SITE01,3R,23,23,TRUE,,1,1,1
AGAP009048__SITE02,3R,23,23,TRUE,,1,1,1
AGAP009048__SITE03,3R,23,23,TRUE,,1,1,1
AGAP009048__SITE04,3R,23,23,TRUE,,1,1,1
AGAP009048__SITE05,3R,23,23,TRUE,,1,1,1
AGAP010313__SITE01,3L,23,23,TRUE,,1,1,1
AGAP010313__SITE02,3L,23,23,TRUE,,1,1,1
AGAP010313__SITE03,3L,23,23,TRUE,,1,1,1
AGAP010313__SITE04,3L,23,23,TRUE,,1,1,1
AGAP010313__SITE05,3L,23,23,TRUE,,1,1,1
AGAP009338__SITE01,3R,23,23,TRUE,,1,1,1
AGAP009338__SITE02,3R,23,23,TRUE,,1,1,1
AGAP009338__SITE03,3R,23,23,TRUE,,1,1,1
AGAP009338__SITE04,3R,23,23,TRUE,,1,1,1
AGAP009338__SITE05,3R,23,23,TRUE,,1,1,1
AGAP001015__SITE01,X,23,23,TRUE,,1,1,1
AGAP001015__SITE02,X,23,23,TRUE,,1,1,1
AGAP001015__SITE03,X,23,23,TRUE,,1,1,1
AGAP001015__SITE04,X,23,23,TRUE,,1,1,1
AGAP001015__SITE05,X,23,23,TRUE,,1,1,1
AGAP010219__SITE01,3R,23,23,TRUE,,1,1,1
AGAP010219__SITE02,3R,23,23,TRUE,,1,1,1
AGAP010219__SITE03,3R,23,23,TRUE,,1,1,1
AGAP010219__SITE04,3R,23,23,TRUE,,1,1,1
AGAP010219__SITE05,3R,23,23,TRUE,,1,1,1
AGAP008191__SITE01,3R,23,23,TRUE,,1,1,1
AGAP008191__SITE02,3R,23,23,TRUE,,1,1,1
AGAP008191__SITE03,3R,23,23,TRUE,,1,1,1
AGAP008191__SITE04,3R,23,23,TRUE,,1,1,1
AGAP008191__SITE05,3R,23,23,TRUE,,1,1,1
AGAP005871__SITE01,2L,23,23,TRUE,,1,1,1
AGAP005871__SITE02,2L,23,23,TRUE,,1,1,1
AGAP005871__SITE03,2L,23,23,TRUE,,1,1,1
AGAP005871__SITE04,2L,23,23,TRUE,,1,1,1
AGAP005871__SITE05,2L,23,23,TRUE,,1,1,1
AGAP008015__SITE01,3R,23,23,TRUE,,1,1,1
AGAP008015__SITE02,3R,23,23,TRUE,,1,1,1
AGAP008015__SITE03,3R,23,23,TRUE,,1,1,1
AGAP008015__SITE04,3R,23,23,TRUE,,1,1,1
AGAP008015__SITE05,3R,23,23,TRUE,,1,1,1
AGAP004078__SITE01,2R,23,23,TRUE,,1,1,1
AGAP004078__SITE02,2R,23,23,TRUE,,1,1,1
AGAP004078__SITE03,2R,23,23,TRUE,,1,1,1
AGAP004078__SITE04,2R,23,23,TRUE,,1,1,1
AGAP004078__SITE05,2R,23,23,TRUE,,1,1,1
AGAP004852__SITE01,2L,23,23,TRUE,,1,1,1
AGAP004852__SITE02,2L,23,23,TRUE,,1,1,1
AGAP004852__SITE03,2L,23,23,TRUE,,1,1,1
AGAP004852__SITE04,2L,23,23,TRUE,,1,1,1
AGAP004852__SITE05,2L,23,23,TRUE,,1,1,1
AGAP012424__SITE01,3L,23,23,TRUE,,1,1,1
AGAP012424__SITE02,3L,23,23,TRUE,,1,1,1
AGAP012424__SITE03,3L,23,23,TRUE,,1,1,1
AGAP012424__SITE04,3L,23,23,TRUE,,1,1,1
AGAP012424__SITE05,3L,23,23,TRUE,,1,1,1
AGAP007775__SITE01,3R,23,23,TRUE,,1,1,1
AGAP007775__SITE02,3R,23,23,TRUE,,1,1,1
AGAP007775__SITE03,3R,23,23,TRUE,,1,1,1
AGAP007775__SITE04,3R,23,23,TRUE,,1,1,1
AGAP007775__SITE05,3R,23,23,TRUE,,1,1,1
AGAP010722__SITE01,3L,23,23,TRUE,,1,1,1
AGAP010722__SITE02,3L,23,23,TRUE,,1,1,1
AGAP010722__SITE03,3L,23,23,TRUE,,1,1,1
AGAP010722__SITE04,3L,23,23,TRUE,,1,1,1
AGAP010722__SITE05,3L,23,23,TRUE,,1,1,1
AGAP009792__SITE01,3R,23,23,TRUE,,1,1,1
AGAP009792__SITE02,3R,23,23,TRUE,,1,1,1
AGAP009792__SITE03,3R,23,23,TRUE,,1,1,1
AGAP009792__SITE04,3R,23,23,TRUE,,1,1,1
AGAP009792__SITE05,3R,23,23,TRUE,,1,1,1
AGAP000999__SITE01,X,23,23,TRUE,,1,1,1
AGAP000999__SITE02,X,23,23,TRUE,,1,1,1
AGAP000999__SITE03,X,23,23,TRUE,,0.434782608695652,1,0.35
AGAP000999__SITE04,X,23,23,TRUE,,0,0,0
AGAP000999__SITE05,X,23,23,TRUE,,0,0,0
AGAP007217__SITE01,2L,23,23,TRUE,,1,1,1
AGAP007217__SITE02,2L,23,23,TRUE,,1,1,1
AGAP007217__SITE03,2L,23,23,TRUE,,1,1,1
AGAP007217__SITE04,2L,23,23,TRUE,,1,1,1
AGAP007217__SITE05,2L,23,23,TRUE,,1,1,1
AGAP009091__SITE01,3R,23,23,TRUE,,1,1,1
AGAP009091__SITE02,3R,23,23,TRUE,,1,1,1
AGAP009091__SITE03,3R,23,23,TRUE,,1,1,1
AGAP009091__SITE04,3R,23,23,TRUE,,1,1,1
AGAP009091__SITE05,3R,23,23,TRUE,,1,1,1
AGAP006989__SITE01,2L,23,23,TRUE,,1,1,1
AGAP006989__SITE02,2L,23,23,TRUE,,1,1,1
AGAP006989__SITE03,2L,23,23,TRUE,,1,1,1
AGAP006989__SITE04,2L,23,23,TRUE,,1,1,1
AGAP006989__SITE05,2L,23,23,TRUE,,1,1,1
AGAP005062__SITE01,2L,23,23,TRUE,,1,1,1
AGAP005062__SITE02,2L,23,23,TRUE,,1,1,1
AGAP005062__SITE03,2L,23,23,TRUE,,1,1,1
AGAP005062__SITE04,2L,23,23,TRUE,,1,1,1
AGAP005062__SITE05,2L,23,23,TRUE,,1,1,1
AGAP008118__SITE01,3R,23,23,TRUE,,1,1,1
AGAP008118__SITE02,3R,23,23,TRUE,,1,1,1
AGAP008118__SITE03,3R,23,23,TRUE,,1,1,1
AGAP008118__SITE04,3R,23,23,TRUE,,1,1,1
AGAP008118__SITE05,3R,23,23,TRUE,,1,1,1
AGAP000099__SITE01,X,23,23,TRUE,,1,1,1
AGAP000099__SITE02,X,23,23,TRUE,,1,1,1
AGAP000099__SITE03,X,23,23,TRUE,,1,1,1
AGAP000099__SITE04,X,23,23,TRUE,,1,1,1
AGAP000099__SITE05,X,23,23,TRUE,,1,1,1
AGAP004239__SITE01,2R,23,23,TRUE,,1,1,1
AGAP004239__SITE02,2R,23,23,TRUE,,1,1,1
AGAP004239__SITE03,2R,23,23,TRUE,,1,1,1
AGAP004239__SITE04,2R,23,23,TRUE,,1,1,1
AGAP004239__SITE05,2R,23,23,TRUE,,1,1,1
AGAP006935__SITE01,2L,23,23,TRUE,,1,1,1
AGAP006935__SITE02,2L,23,23,TRUE,,1,1,1
AGAP006935__SITE03,2L,23,23,TRUE,,0,0,0
AGAP006935__SITE04,2L,23,23,TRUE,,0,0,0
AGAP006935__SITE05,2L,23,23,TRUE,,0,0,0
AGAP007365__SITE01,2L,23,23,TRUE,,0,0,0
AGAP007365__SITE02,2L,23,23,TRUE,,0,0,0
AGAP007365__SITE03,2L,23,23,TRUE,,0,0,0
AGAP007365__SITE04,2L,23,23,TRUE,,0,0,0
AGAP007365__SITE05,2L,23,23,TRUE,,0,0,0
AGAP007122__SITE01,2L,23,23,TRUE,,1,1,1
AGAP007122__SITE02,2L,23,23,TRUE,,1,1,1
AGAP007122__SITE03,2L,23,23,TRUE,,1,1,1
AGAP007122__SITE04,2L,23,23,TRUE,,1,1,1
AGAP007122__SITE05,2L,23,23,TRUE,,1,1,1
AGAP011938__SITE01,3L,23,23,TRUE,,1,1,1
AGAP011938__SITE02,3L,23,23,TRUE,,1,1,1
AGAP011938__SITE03,3L,23,23,TRUE,,1,1,1
AGAP011938__SITE04,3L,23,23,TRUE,,1,1,1
AGAP011938__SITE05,3L,23,23,TRUE,,1,1,1
AGAP007333__SITE01,2L,23,23,TRUE,,1,1,1
AGAP007333__SITE02,2L,23,23,TRUE,,1,1,1
AGAP007333__SITE03,2L,23,23,TRUE,,1,1,1
AGAP007333__SITE04,2L,23,23,TRUE,,1,1,1
AGAP007333__SITE05,2L,23,23,TRUE,,1,1,1
AGAP007063__SITE01,2L,23,23,TRUE,,1,1,1
AGAP007063__SITE02,2L,23,23,TRUE,,1,1,1
AGAP007063__SITE03,2L,23,23,TRUE,,1,1,1
AGAP007063__SITE04,2L,23,23,TRUE,,1,1,1
AGAP007063__SITE05,2L,23,23,TRUE,,1,1,1
AGAP007896__SITE01,3R,23,23,TRUE,,1,1,1
AGAP007896__SITE02,3R,23,23,TRUE,,1,1,1
AGAP007896__SITE03,3R,23,23,TRUE,,1,1,1
AGAP007896__SITE04,3R,23,23,TRUE,,1,1,1
AGAP007896__SITE05,3R,23,23,TRUE,,1,1,1
AGAP005406__SITE01,2L,23,23,TRUE,,1,1,1
AGAP005406__SITE02,2L,23,23,TRUE,,1,1,1
AGAP005406__SITE03,2L,23,23,TRUE,,1,1,1
AGAP005406__SITE04,2L,23,23,TRUE,,1,1,1
AGAP005406__SITE05,2L,23,23,TRUE,,1,1,1
AGAP005959__SITE01,2L,23,23,TRUE,,1,1,1
AGAP005959__SITE02,2L,23,23,TRUE,,1,1,1
AGAP005959__SITE03,2L,23,23,TRUE,,1,1,1
AGAP005959__SITE04,2L,23,23,TRUE,,1,1,1
AGAP005959__SITE05,2L,23,23,TRUE,,1,1,1
AGAP011849__SITE01,3L,23,23,TRUE,,1,1,1
AGAP011849__SITE02,3L,23,23,TRUE,,1,1,1
AGAP011849__SITE03,3L,23,23,TRUE,,1,1,1
AGAP011849__SITE04,3L,23,23,TRUE,,1,1,1
AGAP011849__SITE05,3L,23,23,TRUE,,1,1,1
AGAP005874__SITE01,2L,23,23,TRUE,,1,1,1
AGAP005874__SITE02,2L,23,23,TRUE,,1,1,1
AGAP005874__SITE03,2L,23,23,TRUE,,1,1,1
AGAP005874__SITE04,2L,23,23,TRUE,,1,1,1
AGAP005874__SITE05,2L,23,23,TRUE,,1,1,1
AGAP010380__SITE01,3L,23,23,TRUE,,1,1,1
AGAP010380__SITE02,3L,23,23,TRUE,,1,1,1
AGAP010380__SITE03,3L,23,23,TRUE,,1,1,1
AGAP010380__SITE04,3L,23,23,TRUE,,1,1,1
AGAP010380__SITE05,3L,23,23,TRUE,,1,1,1
AGAP004467__SITE01,2R,23,23,TRUE,,1,1,1
AGAP004467__SITE02,2R,23,23,TRUE,,1,1,1
AGAP004467__SITE03,2R,23,23,TRUE,,1,1,1
AGAP004467__SITE04,2R,23,23,TRUE,,1,1,1
AGAP004467__SITE05,2R,23,23,TRUE,,1,1,1
AGAP004685__SITE01,2L,23,23,TRUE,,0.347826086956522,0.333333333333333,0.35
AGAP004685__SITE02,2L,23,23,TRUE,,0.347826086956522,0,0.4
AGAP004685__SITE03,2L,23,23,TRUE,,0.608695652173913,0.333333333333333,0.65
AGAP004685__SITE04,2L,23,23,TRUE,,1,1,1
AGAP004685__SITE05,2L,23,23,TRUE,,1,1,1
AGAP004502__SITE01,2R,23,23,TRUE,,1,1,1
AGAP004502__SITE02,2R,23,23,TRUE,,1,1,1
AGAP004502__SITE03,2R,23,23,TRUE,,1,1,1
AGAP004502__SITE04,2R,23,23,TRUE,,1,1,1
AGAP004502__SITE05,2R,23,23,TRUE,,1,1,1
AGAP004699__SITE01,2L,23,23,TRUE,,1,1,1
AGAP004699__SITE02,2L,23,23,TRUE,,1,1,1
AGAP004699__SITE03,2L,23,23,TRUE,,1,1,1
AGAP004699__SITE04,2L,23,23,TRUE,,1,1,1
AGAP004699__SITE05,2L,23,23,TRUE,,1,1,1
AGAP002171__SITE01,2R,23,23,TRUE,,1,1,1
AGAP002171__SITE02,2R,23,23,TRUE,,1,1,1
AGAP002171__SITE03,2R,23,23,TRUE,,1,1,1
AGAP002171__SITE04,2R,23,23,TRUE,,1,1,1
AGAP002171__SITE05,2R,23,23,TRUE,,1,1,1
AGAP009515__SITE01,3R,23,23,TRUE,,0.0869565217391304,0.666666666666667,0
AGAP009515__SITE02,3R,23,23,TRUE,,1,1,1
AGAP009515__SITE03,3R,23,23,TRUE,,1,1,1
AGAP009515__SITE04,3R,23,23,TRUE,,1,1,1
AGAP009515__SITE05,3R,23,23,TRUE,,1,1,1
AGAP029982__SITE01,3R,23,23,TRUE,,1,1,1
AGAP029982__SITE02,3R,23,23,TRUE,,1,1,1
AGAP029982__SITE03,3R,23,23,TRUE,,1,1,1
AGAP029982__SITE04,3R,23,23,TRUE,,0,0,0
AGAP029982__SITE05,3R,23,23,TRUE,,0,0,0
AGAP009232__SITE01,3R,23,23,TRUE,,1,1,1
AGAP009232__SITE02,3R,23,23,TRUE,,1,1,1
AGAP009232__SITE03,3R,23,23,TRUE,,1,1,1
AGAP009232__SITE04,3R,23,23,TRUE,,1,1,1
AGAP009232__SITE05,3R,23,23,TRUE,,1,1,1
AGAP005958__SITE01,2L,23,23,TRUE,,1,1,1
AGAP005958__SITE02,2L,23,23,TRUE,,1,1,1
AGAP005958__SITE03,2L,23,23,TRUE,,1,1,1
AGAP005958__SITE04,2L,23,23,TRUE,,1,1,1
AGAP005958__SITE05,2L,23,23,TRUE,,1,1,1
AGAP006241__SITE01,2L,23,23,TRUE,,1,1,1
AGAP006241__SITE02,2L,23,23,TRUE,,1,1,1
AGAP006241__SITE03,2L,23,23,TRUE,,1,1,1
AGAP006241__SITE04,2L,23,23,TRUE,,1,1,1
AGAP006241__SITE05,2L,23,23,TRUE,,1,1,1
AGAP009782__SITE01,3R,23,23,TRUE,,1,1,1
AGAP009782__SITE02,3R,23,23,TRUE,,1,1,1
AGAP009782__SITE03,3R,23,23,TRUE,,1,1,1
AGAP009782__SITE04,3R,23,23,TRUE,,1,1,1
AGAP009782__SITE05,3R,23,23,TRUE,,1,1,1
AGAP002475__SITE01,2R,23,23,TRUE,,1,1,1
AGAP002475__SITE02,2R,23,23,TRUE,,1,1,1
AGAP002475__SITE03,2R,23,23,TRUE,,1,1,1
AGAP002475__SITE04,2R,23,23,TRUE,,1,1,1
AGAP002475__SITE05,2R,23,23,TRUE,,1,1,1
AGAP001526__SITE01,2R,23,23,TRUE,,1,1,1
AGAP001526__SITE02,2R,23,23,TRUE,,1,1,1
AGAP001526__SITE03,2R,23,23,TRUE,,1,1,1
AGAP001526__SITE04,2R,23,23,TRUE,,1,1,1
AGAP001526__SITE05,2R,23,23,TRUE,,1,1,1
AGAP008381__SITE01,3R,23,23,TRUE,,1,1,1
AGAP008381__SITE02,3R,23,23,TRUE,,1,1,1
AGAP008381__SITE03,3R,23,23,TRUE,,1,1,1
AGAP008381__SITE04,3R,23,23,TRUE,,1,1,1
AGAP008381__SITE05,3R,23,23,TRUE,,1,1,1
AGAP000399__SITE01,X,23,23,TRUE,,1,1,1
AGAP000399__SITE02,X,23,23,TRUE,,1,1,1
AGAP000399__SITE03,X,23,23,TRUE,,1,1,1
AGAP000399__SITE04,X,23,23,TRUE,,1,1,1
AGAP000399__SITE05,X,23,23,TRUE,,1,1,1
AGAP010197__SITE01,3R,23,23,TRUE,,1,1,1
AGAP010197__SITE02,3R,23,23,TRUE,,1,1,1
AGAP010197__SITE03,3R,23,23,TRUE,,1,1,1
AGAP010197__SITE04,3R,23,23,TRUE,,1,1,1
AGAP010197__SITE05,3R,23,23,TRUE,,1,1,1
AGAP007855__SITE01,3R,23,23,TRUE,,1,1,1
AGAP007855__SITE02,3R,23,23,TRUE,,1,1,1
AGAP007855__SITE03,3R,23,23,TRUE,,1,1,1
AGAP007855__SITE04,3R,23,23,TRUE,,1,1,1
AGAP007855__SITE05,3R,23,23,TRUE,,1,1,1
AGAP005130__SITE01,2L,23,23,TRUE,,1,1,1
AGAP005130__SITE02,2L,23,23,TRUE,,1,1,1
AGAP005130__SITE03,2L,23,23,TRUE,,1,1,1
AGAP005130__SITE04,2L,23,23,TRUE,,1,1,1
AGAP005130__SITE05,2L,23,23,TRUE,,1,1,1
AGAP004962__SITE01,2L,23,23,TRUE,,1,1,1
AGAP004962__SITE02,2L,23,23,TRUE,,0,0,0
AGAP004962__SITE03,2L,23,23,TRUE,,0,0,0
AGAP004962__SITE04,2L,23,23,TRUE,,0,0,0
AGAP004962__SITE05,2L,23,23,TRUE,,0,0,0
AGAP003594__SITE01,2R,23,23,TRUE,,1,1,1
AGAP003594__SITE02,2R,23,23,TRUE,,1,1,1
AGAP003594__SITE03,2R,23,23,TRUE,,1,1,1
AGAP003594__SITE04,2R,23,23,TRUE,,1,1,1
AGAP003594__SITE05,2R,23,23,TRUE,,1,1,1
AGAP004729__SITE01,2L,23,23,TRUE,,1,1,1
AGAP004729__SITE02,2L,23,23,TRUE,,1,1,1
AGAP004729__SITE03,2L,23,23,TRUE,,1,1,1
AGAP004729__SITE04,2L,23,23,TRUE,,1,1,1
AGAP004729__SITE05,2L,23,23,TRUE,,1,1,1
AGAP007570__SITE01,2L,23,23,TRUE,,1,1,1
AGAP007570__SITE02,2L,23,23,TRUE,,1,1,1
AGAP007570__SITE03,2L,23,23,TRUE,,1,1,1
AGAP007570__SITE04,2L,23,23,TRUE,,1,1,1
AGAP007570__SITE05,2L,23,23,TRUE,,1,1,1
AGAP000627__SITE01,X,23,23,TRUE,,1,1,1
AGAP000627__SITE02,X,23,23,TRUE,,1,1,1
AGAP000627__SITE03,X,23,23,TRUE,,1,1,1
AGAP000627__SITE04,X,23,23,TRUE,,1,1,1
AGAP000627__SITE05,X,23,23,TRUE,,1,1,1
AGAP009936__SITE01,3R,23,23,TRUE,,1,1,1
AGAP009936__SITE02,3R,23,23,TRUE,,1,1,1
AGAP009936__SITE03,3R,23,23,TRUE,,1,1,1
AGAP009936__SITE04,3R,23,23,TRUE,,1,1,1
AGAP009936__SITE05,3R,23,23,TRUE,,1,1,1
AGAP007938__SITE01,3R,23,23,TRUE,,1,1,1
AGAP007938__SITE02,3R,23,23,TRUE,,1,1,1
AGAP007938__SITE03,3R,23,23,TRUE,,1,1,1
AGAP007938__SITE04,3R,23,23,TRUE,,1,1,1
AGAP007938__SITE05,3R,23,23,TRUE,,1,1,1
AGAP004521__SITE01,2R,23,23,TRUE,,1,1,1
AGAP004521__SITE02,2R,23,23,TRUE,,1,1,1
AGAP004521__SITE03,2R,23,23,TRUE,,1,1,1
AGAP004521__SITE04,2R,23,23,TRUE,,1,1,1
AGAP004521__SITE05,2R,23,23,TRUE,,1,1,1
AGAP007729__SITE01,2L,23,23,TRUE,,1,1,1
AGAP007729__SITE02,2L,23,23,TRUE,,1,1,1
AGAP007729__SITE03,2L,23,23,TRUE,,1,1,1
AGAP007729__SITE04,2L,23,23,TRUE,,1,1,1
AGAP007729__SITE05,2L,23,23,TRUE,,1,1,1
AGAP012142__SITE01,3L,23,23,TRUE,,1,1,1
AGAP012142__SITE02,3L,23,23,TRUE,,1,1,1
AGAP012142__SITE03,3L,23,23,TRUE,,1,1,1
AGAP012142__SITE04,3L,23,23,TRUE,,1,1,1
AGAP012142__SITE05,3L,23,23,TRUE,,1,1,1
AGAP006233__SITE01,2L,23,23,TRUE,,1,1,1
AGAP006233__SITE02,2L,23,23,TRUE,,1,1,1
AGAP006233__SITE03,2L,23,23,TRUE,,1,1,1
AGAP006233__SITE04,2L,23,23,TRUE,,1,1,1
AGAP006233__SITE05,2L,23,23,TRUE,,1,1,1
AGAP004057__SITE01,2R,23,23,TRUE,,1,1,1
AGAP004057__SITE02,2R,23,23,TRUE,,1,1,1
AGAP004057__SITE03,2R,23,23,TRUE,,1,1,1
AGAP004057__SITE04,2R,23,23,TRUE,,1,1,1
AGAP004057__SITE05,2R,23,23,TRUE,,1,1,1
AGAP012991__SITE01,X,23,23,TRUE,,1,1,1
AGAP012991__SITE02,X,23,23,TRUE,,1,1,1
AGAP012991__SITE03,X,23,23,TRUE,,1,1,1
AGAP012991__SITE04,X,23,23,TRUE,,1,1,1
AGAP012991__SITE05,X,23,23,TRUE,,1,1,1
AGAP004739__SITE01,2L,23,23,TRUE,,1,1,1
AGAP004739__SITE02,2L,23,23,TRUE,,1,1,1
AGAP004739__SITE03,2L,23,23,TRUE,,1,1,1
AGAP004739__SITE04,2L,23,23,TRUE,,1,1,1
AGAP004739__SITE05,2L,23,23,TRUE,,1,1,1
AGAP008578__SITE01,3R,23,23,TRUE,,1,1,1
AGAP008578__SITE02,3R,23,23,TRUE,,1,1,1
AGAP008578__SITE03,3R,23,23,TRUE,,1,1,1
AGAP008578__SITE04,3R,23,23,TRUE,,1,1,1
AGAP008578__SITE05,3R,23,23,TRUE,,1,1,1
AGAP010220__SITE01,3R,23,23,TRUE,,1,1,1
AGAP010220__SITE02,3R,23,23,TRUE,,1,1,1
AGAP010220__SITE03,3R,23,23,TRUE,,1,1,1
AGAP010220__SITE04,3R,23,23,TRUE,,1,1,1
AGAP010220__SITE05,3R,23,23,TRUE,,1,1,1
AGAP005920__SITE01,2L,23,23,TRUE,,0.608695652173913,1,0.55
AGAP005920__SITE02,2L,23,23,TRUE,,1,1,1
AGAP005920__SITE03,2L,23,23,TRUE,,1,1,1
AGAP005920__SITE04,2L,23,23,TRUE,,1,1,1
AGAP005920__SITE05,2L,23,23,TRUE,,1,1,1
AGAP001108__SITE01,2R,23,23,TRUE,,1,1,1
AGAP001108__SITE02,2R,23,23,TRUE,,1,1,1
AGAP001108__SITE03,2R,23,23,TRUE,,1,1,1
AGAP001108__SITE04,2R,23,23,TRUE,,1,1,1
AGAP001108__SITE05,2R,23,23,TRUE,,1,1,1
AGAP010453__SITE01,3L,23,23,TRUE,,1,1,1
AGAP010453__SITE02,3L,23,23,TRUE,,1,1,1
AGAP010453__SITE03,3L,23,23,TRUE,,1,1,1
AGAP010453__SITE04,3L,23,23,TRUE,,1,1,1
AGAP010453__SITE05,3L,23,23,TRUE,,1,1,1
AGAP006098__SITE01,2L,23,23,TRUE,,1,1,1
AGAP006098__SITE02,2L,23,23,TRUE,,1,1,1
AGAP006098__SITE03,2L,23,23,TRUE,,1,1,1
AGAP006098__SITE04,2L,23,23,TRUE,,1,1,1
AGAP006098__SITE05,2L,23,23,TRUE,,1,1,1
AGAP006766__SITE01,2L,23,23,TRUE,,1,1,1
AGAP006766__SITE02,2L,23,23,TRUE,,1,1,1
AGAP006766__SITE03,2L,23,23,TRUE,,1,1,1
AGAP006766__SITE04,2L,23,23,TRUE,,1,1,1
AGAP006766__SITE05,2L,23,23,TRUE,,1,1,1
AGAP007965__SITE01,3R,23,23,TRUE,,1,1,1
AGAP007965__SITE02,3R,23,23,TRUE,,1,1,1
AGAP007965__SITE03,3R,23,23,TRUE,,1,1,1
AGAP007965__SITE04,3R,23,23,TRUE,,1,1,1
AGAP007965__SITE05,3R,23,23,TRUE,,1,1,1
AGAP007031__SITE01,2L,23,23,TRUE,,1,1,1
AGAP007031__SITE02,2L,23,23,TRUE,,1,1,1
AGAP007031__SITE03,2L,23,23,TRUE,,1,1,1
AGAP007031__SITE04,2L,23,23,TRUE,,1,1,1
AGAP007031__SITE05,2L,23,23,TRUE,,1,1,1
AGAP011377__SITE01,3L,23,23,TRUE,,1,1,1
AGAP011377__SITE02,3L,23,23,TRUE,,1,1,1
AGAP011377__SITE03,3L,23,23,TRUE,,1,1,1
AGAP011377__SITE04,3L,23,23,TRUE,,1,1,1
AGAP011377__SITE05,3L,23,23,TRUE,,1,1,1
AGAP004050__SITE01,2R,23,23,TRUE,,1,1,1
AGAP004050__SITE02,2R,23,23,TRUE,,1,1,1
AGAP004050__SITE03,2R,23,23,TRUE,,1,1,1
AGAP004050__SITE04,2R,23,23,TRUE,,1,1,1
AGAP004050__SITE05,2R,23,23,TRUE,,1,1,1
AGAP028779__SITE01,3R,23,23,TRUE,,1,1,1
AGAP028779__SITE02,3R,23,23,TRUE,,1,1,1
AGAP028779__SITE03,3R,23,23,TRUE,,1,1,1
AGAP028779__SITE04,3R,23,23,TRUE,,1,1,1
AGAP028779__SITE05,3R,23,23,TRUE,,1,1,1
