population_site_id,contig,position
AGAP001099__SITE01,2R,22023
AGAP001099__SITE01,2R,22044
AGAP001099__SITE02,2R,22044
AGAP001099__SITE03,2R,22044
AGAP001099__SITE02,2R,22045
AGAP001099__SITE03,2R,22045
AGAP001099__SITE05,2R,22359
AGAP001099__SITE05,2R,22362
AGAP001099__SITE05,2R,22365
AGAP001099__SITE05,2R,22372
AGAP001099__SITE05,2R,22381
AGAP001108__SITE01,2R,267316
AGAP001108__SITE02,2R,267349
AGAP001108__SITE02,2R,267351
AGAP001108__SITE03,2R,267351
AGAP001108__SITE02,2R,267353
AGAP001108__SITE03,2R,267353
AGAP001108__SITE02,2R,267355
AGAP001108__SITE03,2R,267355
AGAP001108__SITE02,2R,267370
AGAP001108__SITE03,2R,267370
AGAP001108__SITE04,2R,267370
AGAP001108__SITE03,2R,267372
AGAP001108__SITE04,2R,267372
AGAP001108__SITE03,2R,267373
AGAP001108__SITE04,2R,267373
AGAP001108__SITE04,2R,267377
AGAP001108__SITE05,2R,267499
AGAP001108__SITE05,2R,267505
AGAP001135__SITE01,2R,562923
AGAP001135__SITE01,2R,562924
AGAP001135__SITE01,2R,562929
AGAP001135__SITE01,2R,562931
AGAP001135__SITE01,2R,562935
AGAP001135__SITE01,2R,562944
AGAP001135__SITE02,2R,562965
AGAP001135__SITE02,2R,562968
AGAP001135__SITE02,2R,562970
AGAP001135__SITE02,2R,562974
AGAP001135__SITE02,2R,562977
AGAP001135__SITE03,2R,563063
AGAP001135__SITE03,2R,563066
AGAP001135__SITE03,2R,563067
AGAP001135__SITE03,2R,563070
AGAP001135__SITE03,2R,563071
AGAP001135__SITE03,2R,563073
AGAP001135__SITE03,2R,563077
AGAP001135__SITE03,2R,563085
AGAP001135__SITE04,2R,563115
AGAP001135__SITE04,2R,563118
AGAP001135__SITE04,2R,563121
AGAP001135__SITE04,2R,563124
AGAP001135__SITE04,2R,563133
AGAP001135__SITE04,2R,563136
AGAP001135__SITE04,2R,563137
AGAP001135__SITE05,2R,563144
AGAP001135__SITE05,2R,563145
AGAP001135__SITE05,2R,563146
AGAP001135__SITE05,2R,563150
AGAP001135__SITE05,2R,563151
AGAP001135__SITE05,2R,563154
AGAP001135__SITE05,2R,563156
AGAP001135__SITE05,2R,563157
AGAP001526__SITE01,2R,5845657
AGAP001526__SITE01,2R,5845658
AGAP001526__SITE01,2R,5845666
AGAP001526__SITE01,2R,5845671
AGAP001526__SITE01,2R,5845674
AGAP001526__SITE02,2R,5845680
AGAP001526__SITE02,2R,5845683
AGAP001526__SITE02,2R,5845686
AGAP001526__SITE02,2R,5845695
AGAP001526__SITE02,2R,5845698
AGAP001526__SITE03,2R,5845719
AGAP001526__SITE03,2R,5845728
AGAP001526__SITE03,2R,5845730
AGAP001526__SITE04,2R,5845926
AGAP001526__SITE04,2R,5845932
AGAP001526__SITE05,2R,5845932
AGAP001526__SITE04,2R,5845938
AGAP001526__SITE05,2R,5845938
AGAP001526__SITE04,2R,5845939
AGAP001526__SITE05,2R,5845939
AGAP001526__SITE04,2R,5845940
AGAP001526__SITE05,2R,5845940
AGAP001526__SITE04,2R,5845941
AGAP001526__SITE05,2R,5845941
AGAP001526__SITE04,2R,5845943
AGAP001526__SITE05,2R,5845943
AGAP001526__SITE04,2R,5845945
AGAP001526__SITE05,2R,5845945
AGAP001526__SITE04,2R,5845947
AGAP001526__SITE05,2R,5845947
AGAP001526__SITE05,2R,5845950
AGAP001526__SITE05,2R,5845951
AGAP001526__SITE05,2R,5845953
AGAP002004__SITE01,2R,13406152
AGAP002004__SITE01,2R,13406153
AGAP002004__SITE01,2R,13406156
AGAP002004__SITE01,2R,13406157
AGAP002004__SITE01,2R,13406162
AGAP002004__SITE01,2R,13406163
AGAP002004__SITE01,2R,13406164
AGAP002004__SITE01,2R,13406167
AGAP002004__SITE01,2R,13406170
AGAP002004__SITE01,2R,13406172
AGAP002004__SITE02,2R,13406370
AGAP002004__SITE02,2R,13406371
AGAP002004__SITE02,2R,13406376
AGAP002004__SITE02,2R,13406377
AGAP002004__SITE02,2R,13406379
AGAP002004__SITE02,2R,13406380
AGAP002004__SITE03,2R,13406443
AGAP002004__SITE03,2R,13406446
AGAP002004__SITE03,2R,13406447
AGAP002004__SITE03,2R,13406449
AGAP002004__SITE03,2R,13406452
AGAP002004__SITE04,2R,13406627
AGAP002004__SITE04,2R,13406628
AGAP002004__SITE04,2R,13406630
AGAP002004__SITE04,2R,13406632
AGAP002004__SITE04,2R,13406633
AGAP002004__SITE04,2R,13406634
AGAP002004__SITE04,2R,13406635
AGAP002004__SITE04,2R,13406638
AGAP002004__SITE04,2R,13406640
AGAP002004__SITE04,2R,13406641
AGAP002004__SITE04,2R,13406642
AGAP002004__SITE04,2R,13406647
AGAP002004__SITE05,2R,13406824
AGAP002004__SITE05,2R,13406827
AGAP002004__SITE05,2R,13406833
AGAP002004__SITE05,2R,13406836
AGAP002004__SITE05,2R,13406839
AGAP002004__SITE05,2R,13406842
AGAP002004__SITE05,2R,13406845
AGAP002171__SITE01,2R,16835277
AGAP002171__SITE01,2R,16835283
AGAP002171__SITE02,2R,16835472
AGAP002171__SITE02,2R,16835477
AGAP002171__SITE02,2R,16835480
AGAP002171__SITE02,2R,16835483
AGAP002171__SITE03,2R,16835483
AGAP002171__SITE02,2R,16835486
AGAP002171__SITE03,2R,16835486
AGAP002171__SITE04,2R,16835486
AGAP002171__SITE02,2R,16835490
AGAP002171__SITE03,2R,16835490
AGAP002171__SITE04,2R,16835490
AGAP002171__SITE05,2R,16835490
AGAP002171__SITE03,2R,16835498
AGAP002171__SITE04,2R,16835498
AGAP002171__SITE05,2R,16835498
AGAP002171__SITE03,2R,16835502
AGAP002171__SITE04,2R,16835502
AGAP002171__SITE05,2R,16835502
AGAP002171__SITE03,2R,16835504
AGAP002171__SITE04,2R,16835504
AGAP002171__SITE05,2R,16835504
AGAP002171__SITE05,2R,16835510
AGAP002300__SITE01,2R,19027613
AGAP002300__SITE01,2R,19027615
AGAP002300__SITE01,2R,19027620
AGAP002300__SITE01,2R,19027630
AGAP002300__SITE02,2R,19027653
AGAP002300__SITE02,2R,19027655
AGAP002300__SITE02,2R,19027657
AGAP002300__SITE02,2R,19027659
AGAP002300__SITE02,2R,19027662
AGAP002300__SITE02,2R,19027666
AGAP002300__SITE02,2R,19027671
AGAP002300__SITE02,2R,19027674
AGAP002300__SITE03,2R,19037277
AGAP002300__SITE04,2R,19037277
AGAP002300__SITE03,2R,19037290
AGAP002300__SITE04,2R,19037290
AGAP002300__SITE03,2R,19037291
AGAP002300__SITE04,2R,19037291
AGAP002300__SITE04,2R,19037299
AGAP002300__SITE05,2R,19037326
AGAP002300__SITE05,2R,19037334
AGAP002300__SITE05,2R,19037344
AGAP002300__SITE05,2R,19037345
AGAP002475__SITE01,2R,21855325
AGAP002475__SITE01,2R,21855327
AGAP002475__SITE01,2R,21855332
AGAP002475__SITE01,2R,21855333
AGAP002475__SITE02,2R,21855372
AGAP002475__SITE03,2R,21855372
AGAP002475__SITE02,2R,21855378
AGAP002475__SITE03,2R,21855378
AGAP002475__SITE02,2R,21855380
AGAP002475__SITE03,2R,21855380
AGAP002475__SITE02,2R,21855387
AGAP002475__SITE03,2R,21855387
AGAP002475__SITE02,2R,21855390
AGAP002475__SITE03,2R,21855390
AGAP002475__SITE04,2R,21855613
AGAP002475__SITE04,2R,21855617
AGAP002475__SITE04,2R,21855619
AGAP002475__SITE04,2R,21855620
AGAP002475__SITE04,2R,21855621
AGAP002475__SITE04,2R,21855623
AGAP002475__SITE04,2R,21855631
AGAP002475__SITE04,2R,21855633
AGAP002475__SITE04,2R,21855634
AGAP002475__SITE05,2R,21855755
AGAP002475__SITE05,2R,21855761
AGAP002475__SITE05,2R,21855767
AGAP002475__SITE05,2R,21855773
AGAP002475__SITE05,2R,21855776
AGAP003594__SITE01,2R,40375602
AGAP003594__SITE01,2R,40375611
AGAP003594__SITE01,2R,40375616
AGAP003594__SITE01,2R,40375620
AGAP003594__SITE02,2R,40375647
AGAP003594__SITE02,2R,40375650
AGAP003594__SITE02,2R,40375653
AGAP003594__SITE02,2R,40375656
AGAP003594__SITE02,2R,40375659
AGAP003594__SITE03,2R,40375689
AGAP003594__SITE04,2R,40375689
AGAP003594__SITE03,2R,40375694
AGAP003594__SITE04,2R,40375694
AGAP003594__SITE05,2R,40375785
AGAP003594__SITE05,2R,40375788
AGAP003594__SITE05,2R,40375789
AGAP003594__SITE05,2R,40375794
AGAP003594__SITE05,2R,40375797
AGAP003595__SITE01,2R,40378323
AGAP003595__SITE01,2R,40378324
AGAP003595__SITE02,2R,40378324
AGAP003595__SITE01,2R,40378325
AGAP003595__SITE02,2R,40378325
AGAP003595__SITE01,2R,40378327
AGAP003595__SITE02,2R,40378327
AGAP003595__SITE01,2R,40378332
AGAP003595__SITE02,2R,40378332
AGAP003595__SITE01,2R,40378340
AGAP003595__SITE02,2R,40378340
AGAP003595__SITE01,2R,40378344
AGAP003595__SITE02,2R,40378344
AGAP003595__SITE02,2R,40378346
AGAP003595__SITE03,2R,40378477
AGAP003595__SITE03,2R,40378478
AGAP003595__SITE03,2R,40378479
AGAP003595__SITE03,2R,40378485
AGAP003595__SITE04,2R,40378527
AGAP003595__SITE04,2R,40378530
AGAP003595__SITE04,2R,40378532
AGAP003595__SITE04,2R,40378533
AGAP003595__SITE04,2R,40378542
AGAP003595__SITE04,2R,40378547
AGAP003595__SITE04,2R,40378548
AGAP003595__SITE05,2R,40378723
AGAP003595__SITE05,2R,40378727
AGAP003595__SITE05,2R,40378728
AGAP003595__SITE05,2R,40378733
AGAP003595__SITE05,2R,40378735
AGAP003595__SITE05,2R,40378737
AGAP003769__SITE01,2R,43128703
AGAP003769__SITE01,2R,43128706
AGAP003769__SITE01,2R,43128708
AGAP003769__SITE01,2R,43128709
AGAP003769__SITE02,2R,43128724
AGAP003769__SITE02,2R,43128730
AGAP003769__SITE03,2R,43128751
AGAP003769__SITE03,2R,43128754
AGAP003769__SITE03,2R,43128772
AGAP003769__SITE04,2R,43128802
AGAP003769__SITE04,2R,43128804
AGAP003769__SITE04,2R,43128811
AGAP003769__SITE04,2R,43128817
AGAP003769__SITE04,2R,43128823
AGAP003769__SITE05,2R,43128823
AGAP003769__SITE05,2R,43128825
AGAP003769__SITE05,2R,43128832
AGAP003769__SITE05,2R,43128836
AGAP004036__SITE01,2R,48260073
AGAP004036__SITE01,2R,48260074
AGAP004036__SITE01,2R,48260079
AGAP004036__SITE01,2R,48260081
AGAP004036__SITE01,2R,48260083
AGAP004036__SITE01,2R,48260089
AGAP004036__SITE02,2R,48260151
AGAP004036__SITE02,2R,48260161
AGAP004036__SITE02,2R,48260173
AGAP004036__SITE03,2R,48260175
AGAP004036__SITE04,2R,48260175
AGAP004036__SITE03,2R,48260176
AGAP004036__SITE04,2R,48260176
AGAP004036__SITE03,2R,48260179
AGAP004036__SITE04,2R,48260179
AGAP004036__SITE03,2R,48260190
AGAP004036__SITE04,2R,48260190
AGAP004036__SITE03,2R,48260191
AGAP004036__SITE04,2R,48260191
AGAP004036__SITE03,2R,48260194
AGAP004036__SITE04,2R,48260194
AGAP004036__SITE04,2R,48260197
AGAP004036__SITE05,2R,48260239
AGAP004036__SITE05,2R,48260247
AGAP004036__SITE05,2R,48260248
AGAP004036__SITE05,2R,48260257
AGAP004038__SITE01,2R,48266244
AGAP004038__SITE01,2R,48266255
AGAP004038__SITE01,2R,48266259
AGAP004038__SITE01,2R,48266262
AGAP004038__SITE01,2R,48266264
AGAP004038__SITE02,2R,48266302
AGAP004038__SITE02,2R,48266303
AGAP004038__SITE02,2R,48266305
AGAP004038__SITE02,2R,48266307
AGAP004038__SITE02,2R,48266308
AGAP004038__SITE03,2R,48266452
AGAP004038__SITE03,2R,48266457
AGAP004038__SITE03,2R,48266458
AGAP004038__SITE03,2R,48266461
AGAP004038__SITE03,2R,48266463
AGAP004038__SITE05,2R,48266623
AGAP004038__SITE05,2R,48266624
AGAP004038__SITE05,2R,48266627
AGAP004038__SITE05,2R,48266628
AGAP004038__SITE05,2R,48266630
AGAP004038__SITE05,2R,48266635
AGAP004050__SITE03,2R,48712019
AGAP004050__SITE03,2R,48712036
AGAP004050__SITE04,2R,48712036
AGAP004050__SITE03,2R,48712040
AGAP004050__SITE04,2R,48712040
AGAP004050__SITE05,2R,48712673
AGAP004057__SITE01,2R,49099462
AGAP004057__SITE02,2R,49099462
AGAP004057__SITE01,2R,49099467
AGAP004057__SITE02,2R,49099467
AGAP004057__SITE01,2R,49099469
AGAP004057__SITE02,2R,49099469
AGAP004057__SITE01,2R,49099476
AGAP004057__SITE02,2R,49099476
AGAP004057__SITE03,2R,49099514
AGAP004057__SITE03,2R,49099521
AGAP004057__SITE03,2R,49099523
AGAP004057__SITE04,2R,49099523
AGAP004057__SITE04,2R,49099526
AGAP004057__SITE04,2R,49099528
AGAP004057__SITE04,2R,49099530
AGAP004057__SITE04,2R,49099536
AGAP004057__SITE04,2R,49099541
AGAP004057__SITE04,2R,49099544
AGAP004057__SITE05,2R,49099578
AGAP004057__SITE05,2R,49099586
AGAP004057__SITE05,2R,49099587
AGAP004057__SITE05,2R,49099596
AGAP004078__SITE01,2R,49503373
AGAP004078__SITE01,2R,49503374
AGAP004078__SITE01,2R,49503383
AGAP004078__SITE01,2R,49503386
AGAP004078__SITE01,2R,49503392
AGAP004078__SITE02,2R,49503392
AGAP004078__SITE03,2R,49503562
AGAP004078__SITE04,2R,49503637
AGAP004078__SITE05,2R,49503637
AGAP004078__SITE04,2R,49503640
AGAP004078__SITE05,2R,49503640
AGAP004078__SITE05,2R,49503649
AGAP004239__SITE01,2R,52970026
AGAP004239__SITE02,2R,52970026
AGAP004239__SITE01,2R,52970032
AGAP004239__SITE02,2R,52970032
AGAP004239__SITE03,2R,52970330
AGAP004239__SITE03,2R,52970339
AGAP004239__SITE04,2R,52970513
AGAP004239__SITE04,2R,52970519
AGAP004239__SITE04,2R,52970522
AGAP004239__SITE04,2R,52970528
AGAP004239__SITE05,2R,52970679
AGAP004239__SITE05,2R,52970685
AGAP004239__SITE05,2R,52970691
AGAP004467__SITE01,2R,56722966
AGAP004467__SITE01,2R,56722988
AGAP004467__SITE02,2R,56723012
AGAP004467__SITE03,2R,56723012
AGAP004467__SITE02,2R,56723015
AGAP004467__SITE03,2R,56723015
AGAP004467__SITE02,2R,56723020
AGAP004467__SITE03,2R,56723020
AGAP004467__SITE02,2R,56723021
AGAP004467__SITE03,2R,56723021
AGAP004467__SITE02,2R,56723024
AGAP004467__SITE03,2R,56723024
AGAP004467__SITE02,2R,56723027
AGAP004467__SITE03,2R,56723027
AGAP004467__SITE02,2R,56723028
AGAP004467__SITE03,2R,56723028
AGAP004467__SITE02,2R,56723029
AGAP004467__SITE03,2R,56723029
AGAP004467__SITE02,2R,56723031
AGAP004467__SITE03,2R,56723031
AGAP004467__SITE03,2R,56723034
AGAP004467__SITE04,2R,56723064
AGAP004467__SITE04,2R,56723069
AGAP004467__SITE04,2R,56723075
AGAP004467__SITE05,2R,56723075
AGAP004467__SITE04,2R,56723081
AGAP004467__SITE05,2R,56723081
AGAP004502__SITE01,2R,57103628
AGAP004502__SITE01,2R,57103633
AGAP004502__SITE01,2R,57103641
AGAP004502__SITE02,2R,57103694
AGAP004502__SITE03,2R,57103721
AGAP004502__SITE03,2R,57103724
AGAP004502__SITE03,2R,57103727
AGAP004502__SITE04,2R,57103885
AGAP004502__SITE05,2R,57104093
AGAP004521__SITE01,2R,57334115
AGAP004521__SITE01,2R,57334121
AGAP004521__SITE01,2R,57334124
AGAP004521__SITE01,2R,57334127
AGAP004521__SITE01,2R,57334131
AGAP004521__SITE02,2R,57334276
AGAP004521__SITE02,2R,57334277
AGAP004521__SITE02,2R,57334292
AGAP004521__SITE03,2R,57334416
AGAP004521__SITE03,2R,57334419
AGAP004521__SITE04,2R,57334419
AGAP004521__SITE03,2R,57334428
AGAP004521__SITE04,2R,57334428
AGAP004521__SITE05,2R,57334428
AGAP004521__SITE03,2R,57334435
AGAP004521__SITE04,2R,57334435
AGAP004521__SITE05,2R,57334435
AGAP004521__SITE03,2R,57334437
AGAP004521__SITE04,2R,57334437
AGAP004521__SITE05,2R,57334437
AGAP004685__SITE05,2L,494617
AGAP004699__SITE01,2L,1974086
AGAP004699__SITE02,2L,1974086
AGAP004699__SITE02,2L,1974101
AGAP004699__SITE05,2L,1974616
AGAP004729__SITE01,2L,2846322
AGAP004729__SITE02,2L,2846322
AGAP004729__SITE02,2L,2846329
AGAP004739__SITE01,2L,2976603
AGAP004739__SITE01,2L,2976609
AGAP004739__SITE02,2L,2976609
AGAP004739__SITE03,2L,2976609
AGAP004739__SITE04,2L,2976633
AGAP004825__SITE02,2L,3992881
AGAP004825__SITE02,2L,3992882
AGAP004825__SITE02,2L,3992883
AGAP004825__SITE02,2L,3992887
AGAP004825__SITE02,2L,3992891
AGAP004825__SITE02,2L,3992893
AGAP004825__SITE03,2L,3992935
AGAP004825__SITE03,2L,3992944
AGAP004825__SITE03,2L,3992949
AGAP004825__SITE03,2L,3992950
AGAP004825__SITE04,2L,3992950
AGAP004825__SITE03,2L,3992953
AGAP004825__SITE04,2L,3992953
AGAP004825__SITE03,2L,3992954
AGAP004825__SITE04,2L,3992954
AGAP004825__SITE04,2L,3992962
AGAP004825__SITE04,2L,3992965
AGAP004825__SITE04,2L,3992966
AGAP004825__SITE04,2L,3992967
AGAP004825__SITE04,2L,3992971
AGAP004825__SITE04,2L,3992972
AGAP004825__SITE05,2L,3993129
AGAP004825__SITE05,2L,3993132
AGAP004825__SITE05,2L,3993142
AGAP004825__SITE05,2L,3993145
AGAP004852__SITE01,2L,4470183
AGAP004852__SITE01,2L,4470200
AGAP004852__SITE02,2L,4470200
AGAP004852__SITE01,2L,4470201
AGAP004852__SITE02,2L,4470201
AGAP004852__SITE02,2L,4470204
AGAP004852__SITE02,2L,4470216
AGAP004852__SITE03,2L,4470362
AGAP004852__SITE03,2L,4470363
AGAP004852__SITE03,2L,4470365
AGAP004852__SITE03,2L,4470366
AGAP004852__SITE03,2L,4470381
AGAP004852__SITE04,2L,4470381
AGAP004852__SITE04,2L,4470390
AGAP004852__SITE05,2L,4470462
AGAP004852__SITE05,2L,4470471
AGAP004957__SITE01,2L,7187208
AGAP004957__SITE01,2L,7187218
AGAP004957__SITE01,2L,7187220
AGAP004957__SITE01,2L,7187221
AGAP004957__SITE01,2L,7187223
AGAP004957__SITE01,2L,7187226
AGAP004957__SITE02,2L,7187383
AGAP004957__SITE03,2L,7187383
AGAP004957__SITE02,2L,7187389
AGAP004957__SITE03,2L,7187389
AGAP004957__SITE02,2L,7187390
AGAP004957__SITE03,2L,7187390
AGAP004957__SITE04,2L,7187410
AGAP004957__SITE04,2L,7187423
AGAP004957__SITE05,2L,7187440
AGAP004957__SITE05,2L,7187446
AGAP004957__SITE05,2L,7187449
AGAP004962__SITE01,2L,7214477
AGAP005062__SITE02,2L,9156153
AGAP005062__SITE02,2L,9156159
AGAP005062__SITE02,2L,9156171
AGAP005062__SITE03,2L,9156180
AGAP005062__SITE04,2L,9156180
AGAP005062__SITE03,2L,9156186
AGAP005062__SITE04,2L,9156186
AGAP005062__SITE03,2L,9156189
AGAP005062__SITE04,2L,9156189
AGAP005062__SITE05,2L,9156201
AGAP005062__SITE05,2L,9156204
AGAP005062__SITE05,2L,9156211
AGAP005127__SITE01,2L,10332870
AGAP005127__SITE01,2L,10332873
AGAP005127__SITE01,2L,10332882
AGAP005127__SITE02,2L,10332944
AGAP005127__SITE02,2L,10332948
AGAP005127__SITE02,2L,10332963
AGAP005127__SITE03,2L,10332987
AGAP005127__SITE03,2L,10332990
AGAP005127__SITE03,2L,10332992
AGAP005127__SITE03,2L,10332996
AGAP005127__SITE03,2L,10333002
AGAP005127__SITE03,2L,10333005
AGAP005127__SITE04,2L,10333176
AGAP005127__SITE04,2L,10333179
AGAP005127__SITE04,2L,10333184
AGAP005127__SITE05,2L,10333212
AGAP005127__SITE05,2L,10333218
AGAP005127__SITE05,2L,10333221
AGAP005127__SITE05,2L,10333225
AGAP005127__SITE05,2L,10333227
AGAP005130__SITE01,2L,10340369
AGAP005130__SITE01,2L,10340372
AGAP005130__SITE01,2L,10340376
AGAP005130__SITE01,2L,10340390
AGAP005130__SITE02,2L,10340471
AGAP005130__SITE02,2L,10340475
AGAP005130__SITE02,2L,10340483
AGAP005130__SITE02,2L,10340487
AGAP005130__SITE03,2L,10340498
AGAP005130__SITE03,2L,10340507
AGAP005130__SITE04,2L,10340507
AGAP005130__SITE03,2L,10340514
AGAP005130__SITE04,2L,10340514
AGAP005130__SITE05,2L,10340803
AGAP005130__SITE05,2L,10340807
AGAP005130__SITE05,2L,10340810
AGAP005130__SITE05,2L,10340819
AGAP005130__SITE05,2L,10340822
AGAP005321__SITE01,2L,14035720
AGAP005321__SITE01,2L,14035725
AGAP005321__SITE01,2L,14035726
AGAP005321__SITE01,2L,14035729
AGAP005321__SITE01,2L,14035740
AGAP005321__SITE02,2L,14035818
AGAP005321__SITE03,2L,14035818
AGAP005321__SITE02,2L,14035819
AGAP005321__SITE03,2L,14035819
AGAP005321__SITE02,2L,14035825
AGAP005321__SITE03,2L,14035825
AGAP005321__SITE04,2L,14035825
AGAP005321__SITE05,2L,14035825
AGAP005321__SITE02,2L,14035828
AGAP005321__SITE03,2L,14035828
AGAP005321__SITE04,2L,14035828
AGAP005321__SITE05,2L,14035828
AGAP005321__SITE02,2L,14035831
AGAP005321__SITE03,2L,14035831
AGAP005321__SITE04,2L,14035831
AGAP005321__SITE05,2L,14035831
AGAP005321__SITE02,2L,14035835
AGAP005321__SITE03,2L,14035835
AGAP005321__SITE04,2L,14035835
AGAP005321__SITE05,2L,14035835
AGAP005321__SITE04,2L,14035840
AGAP005321__SITE05,2L,14035840
AGAP005406__SITE01,2L,15181670
AGAP005406__SITE01,2L,15181676
AGAP005406__SITE01,2L,15181680
AGAP005406__SITE01,2L,15181689
AGAP005406__SITE01,2L,15181691
AGAP005406__SITE01,2L,15181692
AGAP005406__SITE02,2L,15181746
AGAP005406__SITE03,2L,15181746
AGAP005406__SITE02,2L,15181749
AGAP005406__SITE03,2L,15181749
AGAP005406__SITE02,2L,15181752
AGAP005406__SITE03,2L,15181752
AGAP005406__SITE02,2L,15181754
AGAP005406__SITE03,2L,15181754
AGAP005406__SITE02,2L,15181757
AGAP005406__SITE03,2L,15181757
AGAP005406__SITE02,2L,15181764
AGAP005406__SITE03,2L,15181764
AGAP005406__SITE04,2L,15181798
AGAP005406__SITE04,2L,15181803
AGAP005406__SITE04,2L,15181804
AGAP005406__SITE04,2L,15181805
AGAP005406__SITE04,2L,15181808
AGAP005406__SITE04,2L,15181814
AGAP005406__SITE04,2L,15181815
AGAP005406__SITE04,2L,15181819
AGAP005406__SITE05,2L,15182039
AGAP005406__SITE05,2L,15182042
AGAP005406__SITE05,2L,15182047
AGAP005406__SITE05,2L,15182048
AGAP005406__SITE05,2L,15182049
AGAP005406__SITE05,2L,15182052
AGAP005406__SITE05,2L,15182057
AGAP005406__SITE05,2L,15182061
AGAP005763__SITE01,2L,20332842
AGAP005763__SITE01,2L,20332843
AGAP005763__SITE01,2L,20332846
AGAP005763__SITE01,2L,20332847
AGAP005763__SITE01,2L,20332849
AGAP005763__SITE01,2L,20332857
AGAP005763__SITE01,2L,20332863
AGAP005763__SITE02,2L,20332871
AGAP005763__SITE03,2L,20332871
AGAP005763__SITE02,2L,20332873
AGAP005763__SITE03,2L,20332873
AGAP005763__SITE02,2L,20332880
AGAP005763__SITE03,2L,20332880
AGAP005763__SITE02,2L,20332881
AGAP005763__SITE03,2L,20332881
AGAP005763__SITE02,2L,20332884
AGAP005763__SITE03,2L,20332884
AGAP005763__SITE02,2L,20332885
AGAP005763__SITE03,2L,20332885
AGAP005763__SITE04,2L,20333090
AGAP005763__SITE04,2L,20333091
AGAP005763__SITE05,2L,20333091
AGAP005763__SITE04,2L,20333096
AGAP005763__SITE05,2L,20333096
AGAP005763__SITE04,2L,20333100
AGAP005763__SITE05,2L,20333100
AGAP005763__SITE04,2L,20333101
AGAP005763__SITE05,2L,20333101
AGAP005763__SITE04,2L,20333104
AGAP005763__SITE05,2L,20333104
AGAP005763__SITE05,2L,20333113
AGAP005871__SITE01,2L,22708848
AGAP005871__SITE02,2L,22708862
AGAP005871__SITE02,2L,22708863
AGAP005871__SITE02,2L,22708866
AGAP005871__SITE02,2L,22708872
AGAP005871__SITE03,2L,22708899
AGAP005871__SITE03,2L,22708905
AGAP005871__SITE03,2L,22708908
AGAP005871__SITE04,2L,22709079
AGAP005871__SITE05,2L,22709079
AGAP005871__SITE04,2L,22709089
AGAP005871__SITE05,2L,22709089
AGAP005871__SITE05,2L,22709091
AGAP005871__SITE05,2L,22709094
AGAP005874__SITE01,2L,22716893
AGAP005874__SITE01,2L,22716905
AGAP005874__SITE02,2L,22716905
AGAP005874__SITE01,2L,22716908
AGAP005874__SITE02,2L,22716908
AGAP005874__SITE02,2L,22716917
AGAP005874__SITE02,2L,22716918
AGAP005874__SITE03,2L,22716971
AGAP005874__SITE03,2L,22716986
AGAP005874__SITE04,2L,22717004
AGAP005874__SITE04,2L,22717010
AGAP005874__SITE04,2L,22717020
AGAP005874__SITE04,2L,22717024
AGAP005874__SITE05,2L,22717087
AGAP005874__SITE05,2L,22717091
AGAP005874__SITE05,2L,22717100
AGAP005874__SITE05,2L,22717102
AGAP005874__SITE05,2L,22717105
AGAP005917__SITE01,2L,23652013
AGAP005917__SITE01,2L,23652017
AGAP005917__SITE01,2L,23652020
AGAP005917__SITE01,2L,23652023
AGAP005917__SITE02,2L,23652482
AGAP005917__SITE03,2L,23652504
AGAP005917__SITE03,2L,23652506
AGAP005917__SITE03,2L,23652512
AGAP005917__SITE04,2L,23652512
AGAP005917__SITE03,2L,23652513
AGAP005917__SITE04,2L,23652513
AGAP005917__SITE03,2L,23652515
AGAP005917__SITE04,2L,23652515
AGAP005917__SITE03,2L,23652516
AGAP005917__SITE04,2L,23652516
AGAP005917__SITE03,2L,23652519
AGAP005917__SITE04,2L,23652519
AGAP005917__SITE03,2L,23652520
AGAP005917__SITE04,2L,23652520
AGAP005917__SITE03,2L,23652521
AGAP005917__SITE04,2L,23652521
AGAP005917__SITE03,2L,23652523
AGAP005917__SITE04,2L,23652523
AGAP005917__SITE03,2L,23652524
AGAP005917__SITE04,2L,23652524
AGAP005917__SITE03,2L,23652525
AGAP005917__SITE04,2L,23652525
AGAP005917__SITE04,2L,23652527
AGAP005917__SITE04,2L,23652529
AGAP005917__SITE04,2L,23652530
AGAP005917__SITE04,2L,23652531
AGAP005917__SITE05,2L,23652537
AGAP005917__SITE05,2L,23652546
AGAP005917__SITE05,2L,23652547
AGAP005917__SITE05,2L,23652551
AGAP005917__SITE05,2L,23652553
AGAP005920__SITE01,2L,23683335
AGAP005920__SITE01,2L,23683337
AGAP005920__SITE01,2L,23683340
AGAP005920__SITE02,2L,23683385
AGAP005920__SITE02,2L,23683391
AGAP005920__SITE02,2L,23683394
AGAP005920__SITE02,2L,23683395
AGAP005920__SITE02,2L,23683397
AGAP005920__SITE03,2L,23683431
AGAP005920__SITE03,2L,23683445
AGAP005920__SITE04,2L,23683445
AGAP005920__SITE03,2L,23683448
AGAP005920__SITE04,2L,23683448
AGAP005920__SITE04,2L,23683454
AGAP005920__SITE04,2L,23683457
AGAP005920__SITE05,2L,23683715
AGAP005920__SITE05,2L,23683717
AGAP005920__SITE05,2L,23683725
AGAP005920__SITE05,2L,23683727
AGAP005920__SITE05,2L,23683733
AGAP005920__SITE05,2L,23683737
AGAP005958__SITE01,2L,24049998
AGAP005958__SITE01,2L,24050004
AGAP005958__SITE01,2L,24050007
AGAP005958__SITE01,2L,24050010
AGAP005958__SITE01,2L,24050013
AGAP005958__SITE01,2L,24050015
AGAP005958__SITE01,2L,24050016
AGAP005958__SITE02,2L,24050490
AGAP005958__SITE02,2L,24050491
AGAP005958__SITE02,2L,24050492
AGAP005958__SITE02,2L,24050503
AGAP005958__SITE02,2L,24050506
AGAP005958__SITE02,2L,24050511
AGAP005958__SITE03,2L,24050712
AGAP005958__SITE03,2L,24050716
AGAP005958__SITE03,2L,24050721
AGAP005958__SITE03,2L,24050724
AGAP005958__SITE03,2L,24050727
AGAP005958__SITE03,2L,24050730
AGAP005958__SITE04,2L,24050885
AGAP005958__SITE04,2L,24050888
AGAP005958__SITE05,2L,24050888
AGAP005958__SITE04,2L,24050897
AGAP005958__SITE05,2L,24050897
AGAP005958__SITE04,2L,24050903
AGAP005958__SITE05,2L,24050903
AGAP005959__SITE01,2L,24053653
AGAP005959__SITE01,2L,24053654
AGAP005959__SITE01,2L,24053657
AGAP005959__SITE01,2L,24053660
AGAP005959__SITE01,2L,24053663
AGAP005959__SITE01,2L,24053672
AGAP005959__SITE02,2L,24053748
AGAP005959__SITE02,2L,24053750
AGAP005959__SITE02,2L,24053756
AGAP005959__SITE02,2L,24053759
AGAP005959__SITE03,2L,24053771
AGAP005959__SITE03,2L,24053777
AGAP005959__SITE03,2L,24053780
AGAP005959__SITE04,2L,24053951
AGAP005959__SITE04,2L,24053954
AGAP005959__SITE04,2L,24053966
AGAP005959__SITE05,2L,24053966
AGAP005959__SITE04,2L,24053969
AGAP005959__SITE05,2L,24053969
AGAP005959__SITE05,2L,24053975
AGAP005959__SITE05,2L,24053976
AGAP005959__SITE05,2L,24053978
AGAP006098__SITE01,2L,26644494
AGAP006098__SITE01,2L,26644497
AGAP006098__SITE01,2L,26644508
AGAP006098__SITE02,2L,26644508
AGAP006098__SITE01,2L,26644511
AGAP006098__SITE02,2L,26644511
AGAP006098__SITE02,2L,26644517
AGAP006098__SITE02,2L,26644522
AGAP006098__SITE03,2L,26644666
AGAP006098__SITE03,2L,26644670
AGAP006098__SITE03,2L,26644672
AGAP006098__SITE03,2L,26644674
AGAP006098__SITE03,2L,26644684
AGAP006098__SITE03,2L,26644685
AGAP006098__SITE03,2L,26644687
AGAP006098__SITE04,2L,26644780
AGAP006098__SITE04,2L,26644787
AGAP006098__SITE05,2L,26644787
AGAP006098__SITE04,2L,26644789
AGAP006098__SITE05,2L,26644789
AGAP006098__SITE04,2L,26644792
AGAP006098__SITE05,2L,26644792
AGAP006098__SITE04,2L,26644793
AGAP006098__SITE05,2L,26644793
AGAP006098__SITE04,2L,26644795
AGAP006098__SITE05,2L,26644795
AGAP006098__SITE04,2L,26644796
AGAP006098__SITE05,2L,26644796
AGAP006233__SITE01,2L,28566036
AGAP006233__SITE02,2L,28566036
AGAP006233__SITE01,2L,28566040
AGAP006233__SITE02,2L,28566040
AGAP006233__SITE03,2L,28566040
AGAP006233__SITE01,2L,28566050
AGAP006233__SITE02,2L,28566050
AGAP006233__SITE03,2L,28566050
AGAP006233__SITE01,2L,28566053
AGAP006233__SITE02,2L,28566053
AGAP006233__SITE03,2L,28566053
AGAP006233__SITE01,2L,28566054
AGAP006233__SITE02,2L,28566054
AGAP006233__SITE03,2L,28566054
AGAP006233__SITE01,2L,28566057
AGAP006233__SITE02,2L,28566057
AGAP006233__SITE03,2L,28566057
AGAP006233__SITE03,2L,28566059
AGAP006233__SITE04,2L,28566098
AGAP006233__SITE04,2L,28566100
AGAP006233__SITE04,2L,28566101
AGAP006233__SITE04,2L,28566108
AGAP006233__SITE04,2L,28566109
AGAP006233__SITE04,2L,28566111
AGAP006233__SITE04,2L,28566112
AGAP006233__SITE04,2L,28566113
AGAP006233__SITE04,2L,28566118
AGAP006233__SITE05,2L,28566197
AGAP006233__SITE05,2L,28566206
AGAP006233__SITE05,2L,28566209
AGAP006241__SITE01,2L,28585234
AGAP006241__SITE01,2L,28585237
AGAP006241__SITE01,2L,28585240
AGAP006241__SITE01,2L,28585243
AGAP006241__SITE01,2L,28585246
AGAP006241__SITE01,2L,28585249
AGAP006241__SITE01,2L,28585256
AGAP006241__SITE02,2L,28585258
AGAP006241__SITE02,2L,28585264
AGAP006241__SITE02,2L,28585273
AGAP006241__SITE03,2L,28585339
AGAP006241__SITE03,2L,28585351
AGAP006241__SITE04,2L,28585359
AGAP006241__SITE04,2L,28585369
AGAP006241__SITE04,2L,28585372
AGAP006241__SITE04,2L,28585375
AGAP006241__SITE05,2L,28585399
AGAP006241__SITE05,2L,28585408
AGAP006241__SITE05,2L,28585414
AGAP006241__SITE05,2L,28585417
AGAP006766__SITE01,2L,38038898
AGAP006766__SITE01,2L,38038904
AGAP006766__SITE01,2L,38038908
AGAP006766__SITE02,2L,38038908
AGAP006766__SITE01,2L,38038910
AGAP006766__SITE02,2L,38038910
AGAP006766__SITE01,2L,38038911
AGAP006766__SITE02,2L,38038911
AGAP006766__SITE01,2L,38038912
AGAP006766__SITE02,2L,38038912
AGAP006766__SITE02,2L,38038923
AGAP006766__SITE03,2L,38038935
AGAP006766__SITE03,2L,38038938
AGAP006766__SITE03,2L,38038944
AGAP006766__SITE04,2L,38038944
AGAP006766__SITE03,2L,38038950
AGAP006766__SITE04,2L,38038950
AGAP006766__SITE03,2L,38038953
AGAP006766__SITE04,2L,38038953
AGAP006766__SITE03,2L,38038956
AGAP006766__SITE04,2L,38038956
AGAP006766__SITE04,2L,38038959
AGAP006766__SITE04,2L,38038962
AGAP006766__SITE05,2L,38039099
AGAP006766__SITE05,2L,38039102
AGAP006766__SITE05,2L,38039105
AGAP006766__SITE05,2L,38039108
AGAP006766__SITE05,2L,38039111
AGAP006766__SITE05,2L,38039114
AGAP006766__SITE05,2L,38039117
AGAP006935__SITE01,2L,40148633
AGAP006935__SITE01,2L,40148634
AGAP006935__SITE01,2L,40148639
AGAP006935__SITE02,2L,40148639
AGAP006935__SITE01,2L,40148640
AGAP006935__SITE02,2L,40148640
AGAP006935__SITE01,2L,40148644
AGAP006935__SITE02,2L,40148644
AGAP006935__SITE01,2L,40148653
AGAP006935__SITE02,2L,40148653
AGAP006935__SITE01,2L,40148655
AGAP006935__SITE02,2L,40148655
AGAP006935__SITE02,2L,40148656
AGAP006939__SITE01,2L,40171954
AGAP006939__SITE01,2L,40171955
AGAP006939__SITE01,2L,40171968
AGAP006939__SITE02,2L,40171968
AGAP006939__SITE02,2L,40171970
AGAP006939__SITE02,2L,40171983
AGAP006939__SITE02,2L,40171984
AGAP006939__SITE02,2L,40171985
AGAP006939__SITE03,2L,40172159
AGAP006939__SITE03,2L,40172163
AGAP006939__SITE03,2L,40172165
AGAP006939__SITE03,2L,40172168
AGAP006939__SITE03,2L,40172177
AGAP006939__SITE03,2L,40172179
AGAP006939__SITE03,2L,40172180
AGAP006939__SITE04,2L,40172222
AGAP006939__SITE04,2L,40172223
AGAP006939__SITE04,2L,40172229
AGAP006939__SITE04,2L,40172234
AGAP006939__SITE04,2L,40172238
AGAP006939__SITE04,2L,40172241
AGAP006939__SITE04,2L,40172243
AGAP006939__SITE04,2L,40172244
AGAP006939__SITE05,2L,40172253
AGAP006939__SITE05,2L,40172257
AGAP006939__SITE05,2L,40172262
AGAP006939__SITE05,2L,40172265
AGAP006939__SITE05,2L,40172270
AGAP006939__SITE05,2L,40172272
AGAP006989__SITE01,2L,40483465
AGAP006989__SITE02,2L,40483465
AGAP006989__SITE01,2L,40483478
AGAP006989__SITE02,2L,40483478
AGAP006989__SITE01,2L,40483480
AGAP006989__SITE02,2L,40483480
AGAP006989__SITE02,2L,40483483
AGAP006989__SITE03,2L,40484019
AGAP006989__SITE03,2L,40484020
AGAP006989__SITE03,2L,40484023
AGAP006989__SITE03,2L,40484028
AGAP006989__SITE03,2L,40484029
AGAP006989__SITE03,2L,40484035
AGAP006989__SITE04,2L,40484082
AGAP006989__SITE04,2L,40484085
AGAP006989__SITE04,2L,40484086
AGAP006989__SITE04,2L,40484089
AGAP006989__SITE04,2L,40484095
AGAP006989__SITE04,2L,40484098
AGAP006989__SITE05,2L,40484359
AGAP006989__SITE05,2L,40484365
AGAP006989__SITE05,2L,40484366
AGAP006989__SITE05,2L,40484371
AGAP006989__SITE05,2L,40484374
AGAP007031__SITE01,2L,41165257
AGAP007031__SITE02,2L,41165257
AGAP007031__SITE01,2L,41165259
AGAP007031__SITE02,2L,41165259
AGAP007031__SITE01,2L,41165262
AGAP007031__SITE02,2L,41165262
AGAP007031__SITE01,2L,41165265
AGAP007031__SITE02,2L,41165265
AGAP007031__SITE01,2L,41165266
AGAP007031__SITE02,2L,41165266
AGAP007031__SITE01,2L,41165267
AGAP007031__SITE02,2L,41165267
AGAP007031__SITE02,2L,41165279
AGAP007031__SITE03,2L,41165310
AGAP007031__SITE03,2L,41165322
AGAP007031__SITE04,2L,41165322
AGAP007031__SITE03,2L,41165328
AGAP007031__SITE04,2L,41165328
AGAP007031__SITE03,2L,41165331
AGAP007031__SITE04,2L,41165331
AGAP007031__SITE03,2L,41165332
AGAP007031__SITE04,2L,41165332
AGAP007031__SITE04,2L,41165334
AGAP007031__SITE05,2L,41165572
AGAP007031__SITE05,2L,41165573
AGAP007031__SITE05,2L,41165583
AGAP007031__SITE05,2L,41165591
AGAP007063__SITE01,2L,42126238
AGAP007063__SITE01,2L,42126241
AGAP007063__SITE01,2L,42126247
AGAP007063__SITE01,2L,42126248
AGAP007063__SITE01,2L,42126250
AGAP007063__SITE01,2L,42126251
AGAP007063__SITE01,2L,42126254
AGAP007063__SITE01,2L,42126257
AGAP007063__SITE02,2L,42126276
AGAP007063__SITE02,2L,42126278
AGAP007063__SITE02,2L,42126279
AGAP007063__SITE02,2L,42126283
AGAP007063__SITE02,2L,42126288
AGAP007063__SITE02,2L,42126292
AGAP007063__SITE03,2L,42126292
AGAP007063__SITE02,2L,42126295
AGAP007063__SITE03,2L,42126295
AGAP007063__SITE03,2L,42126300
AGAP007063__SITE03,2L,42126302
AGAP007063__SITE03,2L,42126308
AGAP007063__SITE03,2L,42126310
AGAP007063__SITE04,2L,42126356
AGAP007063__SITE04,2L,42126358
AGAP007063__SITE04,2L,42126360
AGAP007063__SITE04,2L,42126363
AGAP007063__SITE04,2L,42126371
AGAP007063__SITE04,2L,42126377
AGAP007063__SITE05,2L,42126377
AGAP007063__SITE05,2L,42126378
AGAP007063__SITE05,2L,42126385
AGAP007063__SITE05,2L,42126386
AGAP007122__SITE01,2L,43050439
AGAP007122__SITE01,2L,43050445
AGAP007122__SITE01,2L,43050448
AGAP007122__SITE01,2L,43050451
AGAP007122__SITE02,2L,43050889
AGAP007122__SITE03,2L,43050889
AGAP007122__SITE02,2L,43050895
AGAP007122__SITE03,2L,43050895
AGAP007122__SITE02,2L,43050898
AGAP007122__SITE03,2L,43050898
AGAP007122__SITE04,2L,43051024
AGAP007122__SITE04,2L,43051030
AGAP007122__SITE04,2L,43051033
AGAP007122__SITE04,2L,43051036
AGAP007122__SITE04,2L,43051039
AGAP007122__SITE05,2L,43051216
AGAP007122__SITE05,2L,43051224
AGAP007122__SITE05,2L,43051231
AGAP007122__SITE05,2L,43051234
AGAP007217__SITE01,2L,44379481
AGAP007217__SITE01,2L,44379487
AGAP007217__SITE01,2L,44379494
AGAP007217__SITE01,2L,44379495
AGAP007217__SITE01,2L,44379498
AGAP007217__SITE02,2L,44379562
AGAP007217__SITE02,2L,44379567
AGAP007217__SITE02,2L,44379569
AGAP007217__SITE02,2L,44379573
AGAP007217__SITE02,2L,44379576
AGAP007217__SITE02,2L,44379581
AGAP007217__SITE02,2L,44379582
AGAP007217__SITE02,2L,44379583
AGAP007217__SITE03,2L,44379713
AGAP007217__SITE03,2L,44379719
AGAP007217__SITE03,2L,44379722
AGAP007217__SITE04,2L,44379782
AGAP007217__SITE04,2L,44379788
AGAP007217__SITE04,2L,44379791
AGAP007217__SITE04,2L,44379792
AGAP007217__SITE05,2L,44379914
AGAP007217__SITE05,2L,44379923
AGAP007217__SITE05,2L,44379929
AGAP007217__SITE05,2L,44379932
AGAP007280__SITE01,2L,44990003
AGAP007280__SITE01,2L,44990004
AGAP007280__SITE01,2L,44990006
AGAP007280__SITE02,2L,44990006
AGAP007280__SITE01,2L,44990009
AGAP007280__SITE02,2L,44990009
AGAP007280__SITE01,2L,44990016
AGAP007280__SITE02,2L,44990016
AGAP007280__SITE01,2L,44990020
AGAP007280__SITE02,2L,44990020
AGAP007280__SITE01,2L,44990024
AGAP007280__SITE02,2L,44990024
AGAP007280__SITE02,2L,44990028
AGAP007280__SITE03,2L,44990277
AGAP007280__SITE04,2L,44990277
AGAP007280__SITE03,2L,44990278
AGAP007280__SITE04,2L,44990278
AGAP007280__SITE03,2L,44990280
AGAP007280__SITE04,2L,44990280
AGAP007280__SITE03,2L,44990281
AGAP007280__SITE04,2L,44990281
AGAP007280__SITE03,2L,44990286
AGAP007280__SITE04,2L,44990286
AGAP007280__SITE03,2L,44990290
AGAP007280__SITE04,2L,44990290
AGAP007280__SITE03,2L,44990291
AGAP007280__SITE04,2L,44990291
AGAP007280__SITE03,2L,44990296
AGAP007280__SITE04,2L,44990296
AGAP007280__SITE03,2L,44990298
AGAP007280__SITE04,2L,44990298
AGAP007280__SITE05,2L,44990298
AGAP007280__SITE03,2L,44990299
AGAP007280__SITE04,2L,44990299
AGAP007280__SITE05,2L,44990299
AGAP007280__SITE05,2L,44990301
AGAP007280__SITE05,2L,44990303
AGAP007280__SITE05,2L,44990308
AGAP007280__SITE05,2L,44990310
AGAP007280__SITE05,2L,44990317
AGAP007280__SITE05,2L,44990319
AGAP007333__SITE01,2L,45631948
AGAP007333__SITE01,2L,45631960
AGAP007333__SITE02,2L,45632085
AGAP007333__SITE02,2L,45632088
AGAP007333__SITE02,2L,45632100
AGAP007333__SITE03,2L,45632142
AGAP007333__SITE04,2L,45632289
AGAP007333__SITE05,2L,45632289
AGAP007333__SITE04,2L,45632291
AGAP007333__SITE05,2L,45632291
AGAP007333__SITE04,2L,45632294
AGAP007333__SITE05,2L,45632294
AGAP007333__SITE04,2L,45632303
AGAP007333__SITE05,2L,45632303
AGAP007333__SITE04,2L,45632307
AGAP007333__SITE05,2L,45632307
AGAP007333__SITE04,2L,45632309
AGAP007333__SITE05,2L,45632309
AGAP007413__SITE01,2L,46356934
AGAP007413__SITE01,2L,46356938
AGAP007413__SITE01,2L,46356947
AGAP007413__SITE01,2L,46356948
AGAP007413__SITE02,2L,46356988
AGAP007413__SITE02,2L,46356990
AGAP007413__SITE02,2L,46356992
AGAP007413__SITE02,2L,46356994
AGAP007413__SITE02,2L,46356995
AGAP007413__SITE02,2L,46356996
AGAP007413__SITE03,2L,46356996
AGAP007413__SITE02,2L,46357000
AGAP007413__SITE03,2L,46357000
AGAP007413__SITE02,2L,46357001
AGAP007413__SITE03,2L,46357001
AGAP007413__SITE02,2L,46357005
AGAP007413__SITE03,2L,46357005
AGAP007413__SITE02,2L,46357007
AGAP007413__SITE03,2L,46357007
AGAP007413__SITE02,2L,46357009
AGAP007413__SITE03,2L,46357009
AGAP007413__SITE03,2L,46357013
AGAP007413__SITE03,2L,46357016
AGAP007413__SITE04,2L,46357108
AGAP007413__SITE04,2L,46357115
AGAP007413__SITE04,2L,46357117
AGAP007413__SITE04,2L,46357128
AGAP007413__SITE05,2L,46357128
AGAP007413__SITE04,2L,46357130
AGAP007413__SITE05,2L,46357130
AGAP007413__SITE05,2L,46357132
AGAP007413__SITE05,2L,46357136
AGAP007413__SITE05,2L,46357139
AGAP007570__SITE01,2L,47766046
AGAP007570__SITE01,2L,47766050
AGAP007570__SITE01,2L,47766051
AGAP007570__SITE02,2L,47766051
AGAP007570__SITE01,2L,47766052
AGAP007570__SITE02,2L,47766052
AGAP007570__SITE01,2L,47766053
AGAP007570__SITE02,2L,47766053
AGAP007570__SITE01,2L,47766054
AGAP007570__SITE02,2L,47766054
AGAP007570__SITE01,2L,47766055
AGAP007570__SITE02,2L,47766055
AGAP007570__SITE01,2L,47766056
AGAP007570__SITE02,2L,47766056
AGAP007570__SITE01,2L,47766057
AGAP007570__SITE02,2L,47766057
AGAP007570__SITE01,2L,47766062
AGAP007570__SITE02,2L,47766062
AGAP007570__SITE01,2L,47766064
AGAP007570__SITE02,2L,47766064
AGAP007570__SITE01,2L,47766066
AGAP007570__SITE02,2L,47766066
AGAP007570__SITE01,2L,47766068
AGAP007570__SITE02,2L,47766068
AGAP007570__SITE02,2L,47766069
AGAP007570__SITE02,2L,47766070
AGAP007570__SITE02,2L,47766071
AGAP007570__SITE02,2L,47766072
AGAP007570__SITE02,2L,47766073
AGAP007570__SITE03,2L,47766174
AGAP007570__SITE03,2L,47766175
AGAP007570__SITE03,2L,47766177
AGAP007570__SITE03,2L,47766179
AGAP007570__SITE03,2L,47766180
AGAP007570__SITE03,2L,47766189
AGAP007570__SITE04,2L,47766189
AGAP007570__SITE03,2L,47766192
AGAP007570__SITE04,2L,47766192
AGAP007570__SITE04,2L,47766198
AGAP007570__SITE04,2L,47766201
AGAP007570__SITE05,2L,47766384
AGAP007570__SITE05,2L,47766386
AGAP007570__SITE05,2L,47766387
AGAP007570__SITE05,2L,47766392
AGAP007570__SITE05,2L,47766393
AGAP007570__SITE05,2L,47766394
AGAP007570__SITE05,2L,47766396
AGAP007570__SITE05,2L,47766400
AGAP007729__SITE01,2L,49344845
AGAP007729__SITE01,2L,49344846
AGAP007729__SITE01,2L,49344854
AGAP007729__SITE01,2L,49344855
AGAP007729__SITE01,2L,49344858
AGAP007729__SITE01,2L,49344860
AGAP007729__SITE02,2L,49345453
AGAP007729__SITE02,2L,49345462
AGAP007729__SITE04,2L,49346065
AGAP007729__SITE05,2L,49346125
AGAP007775__SITE01,3R,612057
AGAP007775__SITE01,3R,612062
AGAP007775__SITE01,3R,612065
AGAP007775__SITE01,3R,612066
AGAP007775__SITE01,3R,612070
AGAP007775__SITE01,3R,612075
AGAP007775__SITE01,3R,612076
AGAP007775__SITE01,3R,612078
AGAP007775__SITE02,3R,612131
AGAP007775__SITE02,3R,612134
AGAP007775__SITE02,3R,612137
AGAP007775__SITE02,3R,612140
AGAP007775__SITE02,3R,612143
AGAP007775__SITE03,3R,612161
AGAP007775__SITE03,3R,612167
AGAP007775__SITE03,3R,612169
AGAP007775__SITE03,3R,612176
AGAP007775__SITE04,3R,612176
AGAP007775__SITE03,3R,612182
AGAP007775__SITE04,3R,612182
AGAP007775__SITE04,3R,612185
AGAP007775__SITE04,3R,612186
AGAP007775__SITE04,3R,612189
AGAP007775__SITE04,3R,612191
AGAP007775__SITE05,3R,612242
AGAP007775__SITE05,3R,612245
AGAP007775__SITE05,3R,612254
AGAP007855__SITE01,3R,2154037
AGAP007855__SITE01,3R,2154038
AGAP007855__SITE01,3R,2154049
AGAP007855__SITE01,3R,2154052
AGAP007855__SITE01,3R,2154054
AGAP007855__SITE02,3R,2154082
AGAP007855__SITE03,3R,2154082
AGAP007855__SITE02,3R,2154085
AGAP007855__SITE03,3R,2154085
AGAP007855__SITE02,3R,2154088
AGAP007855__SITE03,3R,2154088
AGAP007855__SITE02,3R,2154089
AGAP007855__SITE03,3R,2154089
AGAP007855__SITE04,3R,2154121
AGAP007855__SITE05,3R,2154121
AGAP007855__SITE04,3R,2154124
AGAP007855__SITE05,3R,2154124
AGAP007855__SITE04,3R,2154127
AGAP007855__SITE05,3R,2154127
AGAP007855__SITE04,3R,2154128
AGAP007855__SITE05,3R,2154128
AGAP007855__SITE04,3R,2154130
AGAP007855__SITE05,3R,2154130
AGAP007855__SITE05,3R,2154139
AGAP007896__SITE01,3R,2568208
AGAP007896__SITE01,3R,2568216
AGAP007896__SITE01,3R,2568217
AGAP007896__SITE01,3R,2568220
AGAP007896__SITE01,3R,2568226
AGAP007896__SITE02,3R,2568226
AGAP007896__SITE03,3R,2568226
AGAP007896__SITE02,3R,2568232
AGAP007896__SITE03,3R,2568232
AGAP007896__SITE02,3R,2568233
AGAP007896__SITE03,3R,2568233
AGAP007896__SITE02,3R,2568241
AGAP007896__SITE03,3R,2568241
AGAP007896__SITE02,3R,2568244
AGAP007896__SITE03,3R,2568244
AGAP007896__SITE04,3R,2568498
AGAP007896__SITE04,3R,2568500
AGAP007896__SITE04,3R,2568507
AGAP007896__SITE04,3R,2568508
AGAP007896__SITE04,3R,2568510
AGAP007896__SITE04,3R,2568518
AGAP007896__SITE05,3R,2568534
AGAP007896__SITE05,3R,2568537
AGAP007896__SITE05,3R,2568543
AGAP007896__SITE05,3R,2568546
AGAP007896__SITE05,3R,2568549
AGAP007938__SITE01,3R,3214555
AGAP007938__SITE02,3R,3214555
AGAP007938__SITE01,3R,3214561
AGAP007938__SITE02,3R,3214561
AGAP007938__SITE01,3R,3214566
AGAP007938__SITE02,3R,3214566
AGAP007938__SITE03,3R,3214566
AGAP007938__SITE01,3R,3214567
AGAP007938__SITE02,3R,3214567
AGAP007938__SITE03,3R,3214567
AGAP007938__SITE02,3R,3214571
AGAP007938__SITE03,3R,3214571
AGAP007938__SITE04,3R,3214571
AGAP007938__SITE03,3R,3214582
AGAP007938__SITE04,3R,3214582
AGAP007938__SITE03,3R,3214587
AGAP007938__SITE04,3R,3214587
AGAP007938__SITE05,3R,3214587
AGAP007938__SITE04,3R,3214590
AGAP007938__SITE05,3R,3214590
AGAP007938__SITE04,3R,3214592
AGAP007938__SITE05,3R,3214592
AGAP007938__SITE05,3R,3214598
AGAP007938__SITE05,3R,3214600
AGAP007938__SITE05,3R,3214602
AGAP007965__SITE01,3R,3384357
AGAP007965__SITE01,3R,3384367
AGAP007965__SITE01,3R,3384369
AGAP007965__SITE01,3R,3384371
AGAP007965__SITE01,3R,3384373
AGAP007965__SITE01,3R,3384376
AGAP007965__SITE01,3R,3384379
AGAP007965__SITE02,3R,3384415
AGAP007965__SITE02,3R,3384417
AGAP007965__SITE02,3R,3384419
AGAP007965__SITE02,3R,3384420
AGAP007965__SITE02,3R,3384421
AGAP007965__SITE02,3R,3384424
AGAP007965__SITE02,3R,3384426
AGAP007965__SITE02,3R,3384427
AGAP007965__SITE02,3R,3384428
AGAP007965__SITE02,3R,3384429
AGAP007965__SITE02,3R,3384431
AGAP007965__SITE02,3R,3384435
AGAP007965__SITE03,3R,3384571
AGAP007965__SITE03,3R,3384573
AGAP007965__SITE03,3R,3384575
AGAP007965__SITE03,3R,3384578
AGAP007965__SITE03,3R,3384579
AGAP007965__SITE03,3R,3384582
AGAP007965__SITE03,3R,3384584
AGAP007965__SITE03,3R,3384592
AGAP007965__SITE03,3R,3384593
AGAP007965__SITE04,3R,3384761
AGAP007965__SITE04,3R,3384763
AGAP007965__SITE04,3R,3384764
AGAP007965__SITE04,3R,3384765
AGAP007965__SITE04,3R,3384767
AGAP007965__SITE04,3R,3384770
AGAP007965__SITE04,3R,3384773
AGAP007965__SITE04,3R,3384776
AGAP007965__SITE04,3R,3384779
AGAP007965__SITE05,3R,3384848
AGAP007965__SITE05,3R,3384851
AGAP007965__SITE05,3R,3384855
AGAP007965__SITE05,3R,3384860
AGAP007965__SITE05,3R,3384862
AGAP007965__SITE05,3R,3384869
AGAP007999__SITE01,3R,3981057
AGAP007999__SITE01,3R,3981060
AGAP007999__SITE01,3R,3981063
AGAP007999__SITE01,3R,3981066
AGAP007999__SITE01,3R,3981071
AGAP007999__SITE01,3R,3981074
AGAP007999__SITE01,3R,3981078
AGAP007999__SITE02,3R,3981188
AGAP007999__SITE02,3R,3981192
AGAP007999__SITE03,3R,3981192
AGAP007999__SITE02,3R,3981195
AGAP007999__SITE03,3R,3981195
AGAP007999__SITE02,3R,3981200
AGAP007999__SITE03,3R,3981200
AGAP007999__SITE02,3R,3981207
AGAP007999__SITE03,3R,3981207
AGAP007999__SITE02,3R,3981210
AGAP007999__SITE03,3R,3981210
AGAP007999__SITE04,3R,3981308
AGAP007999__SITE04,3R,3981312
AGAP007999__SITE04,3R,3981314
AGAP007999__SITE04,3R,3981322
AGAP007999__SITE04,3R,3981323
AGAP007999__SITE04,3R,3981329
AGAP007999__SITE05,3R,3981332
AGAP007999__SITE05,3R,3981335
AGAP007999__SITE05,3R,3981339
AGAP007999__SITE05,3R,3981340
AGAP007999__SITE05,3R,3981341
AGAP007999__SITE05,3R,3981343
AGAP007999__SITE05,3R,3981344
AGAP007999__SITE05,3R,3981345
AGAP007999__SITE05,3R,3981350
AGAP007999__SITE05,3R,3981351
AGAP008015__SITE01,3R,4187266
AGAP008015__SITE01,3R,4187269
AGAP008015__SITE01,3R,4187276
AGAP008015__SITE02,3R,4187604
AGAP008015__SITE02,3R,4187605
AGAP008015__SITE02,3R,4187608
AGAP008015__SITE02,3R,4187618
AGAP008015__SITE02,3R,4187619
AGAP008015__SITE02,3R,4187623
AGAP008015__SITE03,3R,4187740
AGAP008015__SITE03,3R,4187741
AGAP008015__SITE03,3R,4187752
AGAP008015__SITE04,3R,4187752
AGAP008015__SITE03,3R,4187753
AGAP008015__SITE04,3R,4187753
AGAP008015__SITE03,3R,4187758
AGAP008015__SITE04,3R,4187758
AGAP008015__SITE03,3R,4187761
AGAP008015__SITE04,3R,4187761
AGAP008015__SITE04,3R,4187767
AGAP008015__SITE05,3R,4187950
AGAP008015__SITE05,3R,4187951
AGAP008015__SITE05,3R,4187956
AGAP008015__SITE05,3R,4187959
AGAP008015__SITE05,3R,4187960
AGAP008015__SITE05,3R,4187962
AGAP008118__SITE01,3R,5886743
AGAP008118__SITE01,3R,5886749
AGAP008118__SITE01,3R,5886756
AGAP008118__SITE01,3R,5886758
AGAP008118__SITE01,3R,5886759
AGAP008118__SITE01,3R,5886761
AGAP008118__SITE01,3R,5886763
AGAP008118__SITE02,3R,5886821
AGAP008118__SITE02,3R,5886824
AGAP008118__SITE02,3R,5886830
AGAP008118__SITE02,3R,5886836
AGAP008118__SITE02,3R,5886839
AGAP008118__SITE02,3R,5886843
AGAP008118__SITE03,3R,5886863
AGAP008118__SITE03,3R,5886866
AGAP008118__SITE03,3R,5886869
AGAP008118__SITE04,3R,5887163
AGAP008118__SITE04,3R,5887166
AGAP008118__SITE04,3R,5887178
AGAP008118__SITE04,3R,5887182
AGAP008118__SITE05,3R,5887352
AGAP008118__SITE05,3R,5887358
AGAP008118__SITE05,3R,5887361
AGAP008118__SITE05,3R,5887362
AGAP008118__SITE05,3R,5887366
AGAP008191__SITE01,3R,6540271
AGAP008191__SITE01,3R,6540273
AGAP008191__SITE01,3R,6540275
AGAP008191__SITE01,3R,6540276
AGAP008191__SITE01,3R,6540279
AGAP008191__SITE01,3R,6540280
AGAP008191__SITE01,3R,6540281
AGAP008191__SITE01,3R,6540282
AGAP008191__SITE01,3R,6540285
AGAP008191__SITE01,3R,6540293
AGAP008191__SITE02,3R,6540447
AGAP008191__SITE02,3R,6540449
AGAP008191__SITE02,3R,6540454
AGAP008191__SITE02,3R,6540456
AGAP008191__SITE02,3R,6540459
AGAP008191__SITE02,3R,6540462
AGAP008191__SITE02,3R,6540463
AGAP008191__SITE02,3R,6540465
AGAP008191__SITE02,3R,6540466
AGAP008191__SITE03,3R,6540498
AGAP008191__SITE04,3R,6540498
AGAP008191__SITE05,3R,6540498
AGAP008191__SITE03,3R,6540505
AGAP008191__SITE04,3R,6540505
AGAP008191__SITE05,3R,6540505
AGAP008191__SITE03,3R,6540510
AGAP008191__SITE04,3R,6540510
AGAP008191__SITE05,3R,6540510
AGAP008191__SITE03,3R,6540514
AGAP008191__SITE04,3R,6540514
AGAP008191__SITE05,3R,6540514
AGAP008191__SITE03,3R,6540515
AGAP008191__SITE04,3R,6540515
AGAP008191__SITE05,3R,6540515
AGAP008381__SITE01,3R,10151437
AGAP008381__SITE02,3R,10151437
AGAP008381__SITE01,3R,10151439
AGAP008381__SITE02,3R,10151439
AGAP008381__SITE03,3R,10151439
AGAP008381__SITE01,3R,10151440
AGAP008381__SITE02,3R,10151440
AGAP008381__SITE03,3R,10151440
AGAP008381__SITE01,3R,10151441
AGAP008381__SITE02,3R,10151441
AGAP008381__SITE03,3R,10151441
AGAP008381__SITE01,3R,10151443
AGAP008381__SITE02,3R,10151443
AGAP008381__SITE03,3R,10151443
AGAP008381__SITE01,3R,10151448
AGAP008381__SITE02,3R,10151448
AGAP008381__SITE03,3R,10151448
AGAP008381__SITE01,3R,10151453
AGAP008381__SITE02,3R,10151453
AGAP008381__SITE03,3R,10151453
AGAP008381__SITE04,3R,10151453
AGAP008381__SITE01,3R,10151454
AGAP008381__SITE02,3R,10151454
AGAP008381__SITE03,3R,10151454
AGAP008381__SITE04,3R,10151454
AGAP008381__SITE01,3R,10151457
AGAP008381__SITE02,3R,10151457
AGAP008381__SITE03,3R,10151457
AGAP008381__SITE04,3R,10151457
AGAP008381__SITE02,3R,10151458
AGAP008381__SITE03,3R,10151458
AGAP008381__SITE04,3R,10151458
AGAP008381__SITE03,3R,10151461
AGAP008381__SITE04,3R,10151461
AGAP008381__SITE04,3R,10151466
AGAP008381__SITE04,3R,10151470
AGAP008381__SITE04,3R,10151472
AGAP008381__SITE04,3R,10151473
AGAP008381__SITE05,3R,10151553
AGAP008381__SITE05,3R,10151556
AGAP008381__SITE05,3R,10151562
AGAP008381__SITE05,3R,10151572
AGAP008578__SITE01,3R,13262725
AGAP008578__SITE01,3R,13262727
AGAP008578__SITE02,3R,13262727
AGAP008578__SITE01,3R,13262729
AGAP008578__SITE02,3R,13262729
AGAP008578__SITE01,3R,13262732
AGAP008578__SITE02,3R,13262732
AGAP008578__SITE01,3R,13262733
AGAP008578__SITE02,3R,13262733
AGAP008578__SITE01,3R,13262736
AGAP008578__SITE02,3R,13262736
AGAP008578__SITE01,3R,13262737
AGAP008578__SITE02,3R,13262737
AGAP008578__SITE01,3R,13262738
AGAP008578__SITE02,3R,13262738
AGAP008578__SITE01,3R,13262740
AGAP008578__SITE02,3R,13262740
AGAP008578__SITE01,3R,13262741
AGAP008578__SITE02,3R,13262741
AGAP008578__SITE01,3R,13262746
AGAP008578__SITE02,3R,13262746
AGAP008578__SITE03,3R,13262894
AGAP008578__SITE03,3R,13262898
AGAP008578__SITE03,3R,13262901
AGAP008578__SITE03,3R,13262907
AGAP008578__SITE04,3R,13262907
AGAP008578__SITE03,3R,13262915
AGAP008578__SITE04,3R,13262915
AGAP008578__SITE03,3R,13262916
AGAP008578__SITE04,3R,13262916
AGAP008578__SITE04,3R,13262918
AGAP008578__SITE04,3R,13262922
AGAP008578__SITE05,3R,13262927
AGAP008578__SITE05,3R,13262936
AGAP008578__SITE05,3R,13262942
AGAP009048__SITE01,3R,24682867
AGAP009048__SITE01,3R,24682878
AGAP009048__SITE01,3R,24682879
AGAP009048__SITE02,3R,24682879
AGAP009048__SITE01,3R,24682881
AGAP009048__SITE02,3R,24682881
AGAP009048__SITE01,3R,24682883
AGAP009048__SITE02,3R,24682883
AGAP009048__SITE01,3R,24682884
AGAP009048__SITE02,3R,24682884
AGAP009048__SITE01,3R,24682885
AGAP009048__SITE02,3R,24682885
AGAP009048__SITE02,3R,24682894
AGAP009048__SITE03,3R,24682939
AGAP009048__SITE03,3R,24682943
AGAP009048__SITE03,3R,24682946
AGAP009048__SITE04,3R,24682946
AGAP009048__SITE03,3R,24682957
AGAP009048__SITE04,3R,24682957
AGAP009048__SITE05,3R,24682971
AGAP009048__SITE05,3R,24682974
AGAP009048__SITE05,3R,24682976
AGAP009048__SITE05,3R,24682984
AGAP009048__SITE05,3R,24682985
AGAP009048__SITE05,3R,24682990
AGAP009048__SITE05,3R,24682991
AGAP009091__SITE01,3R,25554221
AGAP009091__SITE01,3R,25554225
AGAP009091__SITE01,3R,25554227
AGAP009091__SITE01,3R,25554234
AGAP009091__SITE01,3R,25554236
AGAP009091__SITE01,3R,25554237
AGAP009091__SITE01,3R,25554239
AGAP009091__SITE02,3R,25554281
AGAP009091__SITE02,3R,25554282
AGAP009091__SITE02,3R,25554288
AGAP009091__SITE02,3R,25554291
AGAP009091__SITE02,3R,25554297
AGAP009091__SITE02,3R,25554300
AGAP009091__SITE03,3R,25554405
AGAP009091__SITE03,3R,25554411
AGAP009091__SITE03,3R,25554414
AGAP009091__SITE03,3R,25554420
AGAP009091__SITE03,3R,25554423
AGAP009091__SITE04,3R,25554471
AGAP009091__SITE04,3R,25554473
AGAP009091__SITE04,3R,25554474
AGAP009091__SITE04,3R,25554483
AGAP009091__SITE04,3R,25554486
AGAP009091__SITE04,3R,25554488
AGAP009091__SITE04,3R,25554491
AGAP009091__SITE05,3R,25554603
AGAP009091__SITE05,3R,25554606
AGAP009091__SITE05,3R,25554609
AGAP009232__SITE01,3R,29080559
AGAP009232__SITE01,3R,29080560
AGAP009232__SITE01,3R,29080567
AGAP009232__SITE01,3R,29080569
AGAP009232__SITE01,3R,29080570
AGAP009232__SITE01,3R,29080578
AGAP009232__SITE02,3R,29080621
AGAP009232__SITE03,3R,29080621
AGAP009232__SITE02,3R,29080626
AGAP009232__SITE03,3R,29080626
AGAP009232__SITE02,3R,29080629
AGAP009232__SITE03,3R,29080629
AGAP009232__SITE02,3R,29080630
AGAP009232__SITE03,3R,29080630
AGAP009232__SITE02,3R,29080632
AGAP009232__SITE03,3R,29080632
AGAP009232__SITE02,3R,29080637
AGAP009232__SITE03,3R,29080637
AGAP009232__SITE02,3R,29080639
AGAP009232__SITE03,3R,29080639
AGAP009232__SITE03,3R,29080641
AGAP009232__SITE04,3R,29080763
AGAP009232__SITE04,3R,29080764
AGAP009232__SITE04,3R,29080773
AGAP009232__SITE05,3R,29080773
AGAP009232__SITE04,3R,29080776
AGAP009232__SITE05,3R,29080776
AGAP009232__SITE04,3R,29080779
AGAP009232__SITE05,3R,29080779
AGAP009232__SITE04,3R,29080782
AGAP009232__SITE05,3R,29080782
AGAP009232__SITE05,3R,29080790
AGAP009338__SITE01,3R,31538550
AGAP009338__SITE01,3R,31538553
AGAP009338__SITE01,3R,31538554
AGAP009338__SITE01,3R,31538556
AGAP009338__SITE01,3R,31538559
AGAP009338__SITE01,3R,31538564
AGAP009338__SITE01,3R,31538565
AGAP009338__SITE01,3R,31538568
AGAP009338__SITE01,3R,31538570
AGAP009338__SITE02,3R,31538715
AGAP009338__SITE02,3R,31538722
AGAP009338__SITE03,3R,31538722
AGAP009338__SITE02,3R,31538724
AGAP009338__SITE03,3R,31538724
AGAP009338__SITE02,3R,31538727
AGAP009338__SITE03,3R,31538727
AGAP009338__SITE02,3R,31538730
AGAP009338__SITE03,3R,31538730
AGAP009338__SITE02,3R,31538732
AGAP009338__SITE03,3R,31538732
AGAP009338__SITE03,3R,31538736
AGAP009338__SITE03,3R,31538739
AGAP009338__SITE04,3R,31538759
AGAP009338__SITE04,3R,31538760
AGAP009338__SITE04,3R,31538769
AGAP009338__SITE04,3R,31538771
AGAP009338__SITE04,3R,31538775
AGAP009338__SITE04,3R,31538778
AGAP009338__SITE05,3R,31538865
AGAP009338__SITE05,3R,31538868
AGAP009338__SITE05,3R,31538869
AGAP009338__SITE05,3R,31538872
AGAP009338__SITE05,3R,31538874
AGAP009338__SITE05,3R,31538880
AGAP009338__SITE05,3R,31538883
AGAP029982__SITE01,3R,34220549
AGAP029982__SITE01,3R,34220553
AGAP029982__SITE01,3R,34220554
AGAP029982__SITE01,3R,34220557
AGAP029982__SITE01,3R,34220560
AGAP029982__SITE02,3R,34220834
AGAP029982__SITE02,3R,34220840
AGAP029982__SITE02,3R,34220846
AGAP029982__SITE03,3R,34220891
AGAP029982__SITE03,3R,34220897
AGAP029982__SITE03,3R,34220900
AGAP029982__SITE03,3R,34220905
AGAP029982__SITE03,3R,34220906
AGAP029982__SITE03,3R,34220909
AGAP009488__SITE01,3R,34705074
AGAP009488__SITE01,3R,34705075
AGAP009488__SITE01,3R,34705086
AGAP009488__SITE01,3R,34705091
AGAP009488__SITE01,3R,34705092
AGAP009488__SITE02,3R,34705293
AGAP009488__SITE02,3R,34705297
AGAP009488__SITE03,3R,34705476
AGAP009488__SITE04,3R,34705476
AGAP009488__SITE03,3R,34705482
AGAP009488__SITE04,3R,34705482
AGAP009488__SITE03,3R,34705491
AGAP009488__SITE04,3R,34705491
AGAP009488__SITE03,3R,34705494
AGAP009488__SITE04,3R,34705494
AGAP009488__SITE05,3R,34705578
AGAP009488__SITE05,3R,34705590
AGAP009515__SITE02,3R,35055051
AGAP009515__SITE02,3R,35055053
AGAP009515__SITE02,3R,35055054
AGAP009515__SITE02,3R,35055059
AGAP009515__SITE03,3R,35055059
AGAP009515__SITE02,3R,35055066
AGAP009515__SITE03,3R,35055066
AGAP009515__SITE03,3R,35055075
AGAP009515__SITE03,3R,35055077
AGAP009515__SITE03,3R,35055078
AGAP009515__SITE04,3R,35055147
AGAP009515__SITE05,3R,35055183
AGAP009515__SITE05,3R,35055189
AGAP009600__SITE01,3R,36940313
AGAP009600__SITE01,3R,36940322
AGAP009600__SITE01,3R,36940325
AGAP009600__SITE01,3R,36940327
AGAP009600__SITE02,3R,36940448
AGAP009600__SITE02,3R,36940463
AGAP009600__SITE03,3R,36940499
AGAP009600__SITE04,3R,36940499
AGAP009600__SITE03,3R,36940501
AGAP009600__SITE04,3R,36940501
AGAP009600__SITE03,3R,36940502
AGAP009600__SITE04,3R,36940502
AGAP009600__SITE03,3R,36940511
AGAP009600__SITE04,3R,36940511
AGAP009600__SITE05,3R,36940511
AGAP009600__SITE04,3R,36940520
AGAP009600__SITE05,3R,36940520
AGAP028779__SITE01,3R,42632394
AGAP028779__SITE02,3R,42632394
AGAP028779__SITE03,3R,42632394
AGAP028779__SITE01,3R,42632398
AGAP028779__SITE02,3R,42632398
AGAP028779__SITE03,3R,42632398
AGAP028779__SITE01,3R,42632406
AGAP028779__SITE02,3R,42632406
AGAP028779__SITE03,3R,42632406
AGAP028779__SITE04,3R,42632406
AGAP028779__SITE05,3R,42632406
AGAP009782__SITE01,3R,43264236
AGAP009782__SITE02,3R,43264236
AGAP009782__SITE01,3R,43264237
AGAP009782__SITE02,3R,43264237
AGAP009782__SITE01,3R,43264240
AGAP009782__SITE02,3R,43264240
AGAP009782__SITE01,3R,43264245
AGAP009782__SITE02,3R,43264245
AGAP009782__SITE02,3R,43264255
AGAP009782__SITE03,3R,43264311
AGAP009782__SITE03,3R,43264320
AGAP009782__SITE04,3R,43264367
AGAP009782__SITE04,3R,43264382
AGAP009782__SITE04,3R,43264383
AGAP009782__SITE05,3R,43264415
AGAP009782__SITE05,3R,43264425
AGAP009782__SITE05,3R,43264434
AGAP009782__SITE05,3R,43264437
AGAP009792__SITE01,3R,43352135
AGAP009792__SITE01,3R,43352138
AGAP009792__SITE01,3R,43352141
AGAP009792__SITE01,3R,43352144
AGAP009792__SITE02,3R,43352144
AGAP009792__SITE02,3R,43352156
AGAP009792__SITE03,3R,43352228
AGAP009792__SITE03,3R,43352229
AGAP009792__SITE03,3R,43352243
AGAP009792__SITE03,3R,43352246
AGAP009792__SITE03,3R,43352248
AGAP009792__SITE04,3R,43352312
AGAP009792__SITE04,3R,43352317
AGAP009792__SITE05,3R,43352317
AGAP009792__SITE04,3R,43352318
AGAP009792__SITE05,3R,43352318
AGAP009792__SITE04,3R,43352321
AGAP009792__SITE05,3R,43352321
AGAP009792__SITE04,3R,43352324
AGAP009792__SITE05,3R,43352324
AGAP009792__SITE05,3R,43352335
AGAP009921__SITE01,3R,45319828
AGAP009921__SITE01,3R,45319830
AGAP009921__SITE02,3R,45319845
AGAP009921__SITE02,3R,45319854
AGAP009921__SITE03,3R,45321300
AGAP009921__SITE03,3R,45321311
AGAP009921__SITE04,3R,45321339
AGAP009921__SITE05,3R,45321369
AGAP009921__SITE05,3R,45321381
AGAP009921__SITE05,3R,45321384
AGAP009936__SITE01,3R,45656850
AGAP009936__SITE01,3R,45656853
AGAP009936__SITE01,3R,45656855
AGAP009936__SITE01,3R,45656859
AGAP009936__SITE02,3R,45656901
AGAP009936__SITE02,3R,45656907
AGAP009936__SITE03,3R,45656907
AGAP009936__SITE02,3R,45656910
AGAP009936__SITE03,3R,45656910
AGAP009936__SITE04,3R,45656927
AGAP009936__SITE05,3R,45656927
AGAP009936__SITE04,3R,45656928
AGAP009936__SITE05,3R,45656928
AGAP009936__SITE04,3R,45656933
AGAP009936__SITE05,3R,45656933
AGAP009936__SITE05,3R,45656937
AGAP010175__SITE01,3R,49914465
AGAP010175__SITE01,3R,49914468
AGAP010175__SITE01,3R,49914474
AGAP010175__SITE01,3R,49914478
AGAP010175__SITE02,3R,49914567
AGAP010175__SITE03,3R,49914567
AGAP010175__SITE04,3R,49914638
AGAP010175__SITE04,3R,49914640
AGAP010175__SITE05,3R,49914819
AGAP010175__SITE05,3R,49914822
AGAP010197__SITE01,3R,50454244
AGAP010197__SITE02,3R,50454253
AGAP010197__SITE02,3R,50454259
AGAP010197__SITE03,3R,50454310
AGAP010197__SITE03,3R,50454325
AGAP010197__SITE04,3R,50454325
AGAP010197__SITE05,3R,50454325
AGAP010197__SITE04,3R,50454328
AGAP010197__SITE05,3R,50454328
AGAP010197__SITE04,3R,50454333
AGAP010197__SITE05,3R,50454333
AGAP010219__SITE01,3R,50912328
AGAP010219__SITE01,3R,50912329
AGAP010219__SITE01,3R,50912331
AGAP010219__SITE02,3R,50912403
AGAP010219__SITE02,3R,50912415
AGAP010219__SITE03,3R,50912490
AGAP010219__SITE03,3R,50912505
AGAP010219__SITE04,3R,50912701
AGAP010219__SITE05,3R,50912714
AGAP010220__SITE01,3R,50915657
AGAP010220__SITE02,3R,50915672
AGAP010220__SITE03,3R,50915672
AGAP010220__SITE02,3R,50915674
AGAP010220__SITE03,3R,50915674
AGAP010220__SITE02,3R,50915675
AGAP010220__SITE03,3R,50915675
AGAP010220__SITE02,3R,50915681
AGAP010220__SITE03,3R,50915681
AGAP010220__SITE04,3R,50915723
AGAP010220__SITE05,3R,50915723
AGAP010313__SITE01,3L,293978
AGAP010313__SITE02,3L,294167
AGAP010313__SITE03,3L,294167
AGAP010313__SITE02,3L,294174
AGAP010313__SITE03,3L,294174
AGAP010313__SITE04,3L,294267
AGAP010313__SITE04,3L,294273
AGAP010313__SITE05,3L,294291
AGAP010380__SITE01,3L,2388864
AGAP010380__SITE03,3L,2388942
AGAP010380__SITE03,3L,2388949
AGAP010380__SITE03,3L,2388958
AGAP010380__SITE04,3L,2389628
AGAP010380__SITE04,3L,2389640
AGAP010380__SITE04,3L,2389643
AGAP010380__SITE05,3L,2389689
AGAP010380__SITE05,3L,2389692
AGAP010380__SITE05,3L,2389698
AGAP010380__SITE05,3L,2389701
AGAP010453__SITE01,3L,3871300
AGAP010453__SITE01,3L,3871303
AGAP010453__SITE01,3L,3871315
AGAP010453__SITE02,3L,3871486
AGAP010453__SITE02,3L,3871494
AGAP010453__SITE02,3L,3871501
AGAP010453__SITE02,3L,3871508
AGAP010453__SITE03,3L,3871528
AGAP010453__SITE04,3L,3871528
AGAP010453__SITE03,3L,3871532
AGAP010453__SITE04,3L,3871532
AGAP010453__SITE05,3L,3871642
AGAP010711__SITE01,3L,8901575
AGAP010711__SITE02,3L,8901575
AGAP010711__SITE03,3L,8901779
AGAP010711__SITE03,3L,8901784
AGAP010711__SITE03,3L,8901797
AGAP010711__SITE03,3L,8901799
AGAP010711__SITE04,3L,8901977
AGAP010711__SITE05,3L,8901977
AGAP010711__SITE04,3L,8901980
AGAP010711__SITE05,3L,8901980
AGAP010711__SITE04,3L,8901987
AGAP010711__SITE05,3L,8901987
AGAP010711__SITE04,3L,8901988
AGAP010711__SITE05,3L,8901988
AGAP010722__SITE01,3L,8985127
AGAP010722__SITE01,3L,8985128
AGAP010722__SITE01,3L,8985129
AGAP010722__SITE01,3L,8985131
AGAP010722__SITE01,3L,8985145
AGAP010722__SITE01,3L,8985148
AGAP010722__SITE02,3L,8985156
AGAP010722__SITE02,3L,8985160
AGAP010722__SITE02,3L,8985169
AGAP010722__SITE02,3L,8985175
AGAP010722__SITE03,3L,8985223
AGAP010722__SITE03,3L,8985227
AGAP010722__SITE04,3L,8985227
AGAP010722__SITE03,3L,8985229
AGAP010722__SITE04,3L,8985229
AGAP010722__SITE03,3L,8985238
AGAP010722__SITE04,3L,8985238
AGAP010722__SITE04,3L,8985244
AGAP010722__SITE04,3L,8985246
AGAP010722__SITE05,3L,8985262
AGAP010722__SITE05,3L,8985265
AGAP011204__SITE01,3L,19313128
AGAP011204__SITE01,3L,19313131
AGAP011204__SITE01,3L,19313132
AGAP011204__SITE01,3L,19313138
AGAP011204__SITE02,3L,19313138
AGAP011204__SITE01,3L,19313140
AGAP011204__SITE02,3L,19313140
AGAP011204__SITE01,3L,19313142
AGAP011204__SITE02,3L,19313142
AGAP011204__SITE01,3L,19313144
AGAP011204__SITE02,3L,19313144
AGAP011204__SITE01,3L,19313146
AGAP011204__SITE02,3L,19313146
AGAP011204__SITE03,3L,19313146
AGAP011204__SITE01,3L,19313150
AGAP011204__SITE02,3L,19313150
AGAP011204__SITE03,3L,19313150
AGAP011204__SITE02,3L,19313155
AGAP011204__SITE03,3L,19313155
AGAP011204__SITE03,3L,19313157
AGAP011204__SITE03,3L,19313160
AGAP011204__SITE04,3L,19313160
AGAP011204__SITE03,3L,19313163
AGAP011204__SITE04,3L,19313163
AGAP011204__SITE03,3L,19313166
AGAP011204__SITE04,3L,19313166
AGAP011204__SITE03,3L,19313167
AGAP011204__SITE04,3L,19313167
AGAP011204__SITE04,3L,19313172
AGAP011204__SITE05,3L,19313193
AGAP011204__SITE05,3L,19313196
AGAP011204__SITE05,3L,19313199
AGAP011204__SITE05,3L,19313203
AGAP011204__SITE05,3L,19313205
AGAP011204__SITE05,3L,19313208
AGAP011204__SITE05,3L,19313211
AGAP011377__SITE01,3L,22492726
AGAP011377__SITE01,3L,22492728
AGAP011377__SITE01,3L,22492732
AGAP011377__SITE01,3L,22492735
AGAP011377__SITE01,3L,22492740
AGAP011377__SITE01,3L,22492741
AGAP011377__SITE01,3L,22492744
AGAP011377__SITE02,3L,22492991
AGAP011377__SITE02,3L,22492992
AGAP011377__SITE02,3L,22492998
AGAP011377__SITE02,3L,22493001
AGAP011377__SITE02,3L,22493002
AGAP011377__SITE02,3L,22493004
AGAP011377__SITE02,3L,22493005
AGAP011377__SITE02,3L,22493007
AGAP011377__SITE02,3L,22493013
AGAP011377__SITE03,3L,22493048
AGAP011377__SITE03,3L,22493049
AGAP011377__SITE03,3L,22493052
AGAP011377__SITE03,3L,22493053
AGAP011377__SITE03,3L,22493055
AGAP011377__SITE03,3L,22493057
AGAP011377__SITE03,3L,22493058
AGAP011377__SITE03,3L,22493064
AGAP011377__SITE04,3L,22493073
AGAP011377__SITE04,3L,22493074
AGAP011377__SITE04,3L,22493082
AGAP011377__SITE04,3L,22493087
AGAP011377__SITE04,3L,22493091
AGAP011377__SITE04,3L,22493092
AGAP011377__SITE04,3L,22493094
AGAP011377__SITE05,3L,22493103
AGAP011377__SITE05,3L,22493109
AGAP011377__SITE05,3L,22493112
AGAP011377__SITE05,3L,22493113
AGAP011377__SITE05,3L,22493118
AGAP011849__SITE01,3L,34040656
AGAP011849__SITE02,3L,34040656
AGAP011849__SITE01,3L,34040657
AGAP011849__SITE02,3L,34040657
AGAP011849__SITE01,3L,34040659
AGAP011849__SITE02,3L,34040659
AGAP011849__SITE02,3L,34040668
AGAP011849__SITE03,3L,34040714
AGAP011849__SITE03,3L,34040719
AGAP011849__SITE04,3L,34040719
AGAP011849__SITE03,3L,34040725
AGAP011849__SITE04,3L,34040725
AGAP011849__SITE03,3L,34040734
AGAP011849__SITE04,3L,34040734
AGAP011849__SITE04,3L,34040737
AGAP011849__SITE05,3L,34040956
AGAP011849__SITE05,3L,34040957
AGAP011849__SITE05,3L,34040962
AGAP011938__SITE01,3L,35400951
AGAP011938__SITE02,3L,35400951
AGAP011938__SITE01,3L,35400954
AGAP011938__SITE02,3L,35400954
AGAP011938__SITE01,3L,35400955
AGAP011938__SITE02,3L,35400955
AGAP011938__SITE01,3L,35400960
AGAP011938__SITE02,3L,35400960
AGAP011938__SITE01,3L,35400963
AGAP011938__SITE02,3L,35400963
AGAP011938__SITE01,3L,35400964
AGAP011938__SITE02,3L,35400964
AGAP011938__SITE01,3L,35400969
AGAP011938__SITE02,3L,35400969
AGAP011938__SITE03,3L,35401247
AGAP011938__SITE03,3L,35401249
AGAP011938__SITE03,3L,35401250
AGAP011938__SITE03,3L,35401253
AGAP011938__SITE03,3L,35401256
AGAP011938__SITE03,3L,35401259
AGAP011938__SITE03,3L,35401265
AGAP011938__SITE03,3L,35401268
AGAP011938__SITE04,3L,35401719
AGAP011938__SITE04,3L,35401722
AGAP011938__SITE04,3L,35401725
AGAP011938__SITE04,3L,35401731
AGAP011938__SITE04,3L,35401734
AGAP011938__SITE04,3L,35401737
AGAP011938__SITE04,3L,35401740
AGAP011938__SITE05,3L,35401797
AGAP011938__SITE05,3L,35401802
AGAP011938__SITE05,3L,35401806
AGAP011938__SITE05,3L,35401809
AGAP011966__SITE01,3L,35678923
AGAP011966__SITE01,3L,35678924
AGAP011966__SITE01,3L,35678926
AGAP011966__SITE01,3L,35678928
AGAP011966__SITE01,3L,35678931
AGAP011966__SITE02,3L,35678931
AGAP011966__SITE01,3L,35678933
AGAP011966__SITE02,3L,35678933
AGAP011966__SITE01,3L,35678934
AGAP011966__SITE02,3L,35678934
AGAP011966__SITE02,3L,35678949
AGAP011966__SITE03,3L,35678949
AGAP011966__SITE02,3L,35678953
AGAP011966__SITE03,3L,35678953
AGAP011966__SITE04,3L,35679020
AGAP011966__SITE04,3L,35679025
AGAP011966__SITE04,3L,35679026
AGAP011966__SITE04,3L,35679028
AGAP011966__SITE04,3L,35679029
AGAP011966__SITE04,3L,35679031
AGAP011966__SITE04,3L,35679032
AGAP011966__SITE04,3L,35679034
AGAP011966__SITE04,3L,35679037
AGAP011966__SITE05,3L,35679087
AGAP011966__SITE05,3L,35679088
AGAP011966__SITE05,3L,35679091
AGAP011966__SITE05,3L,35679098
AGAP011966__SITE05,3L,35679100
AGAP011966__SITE05,3L,35679102
AGAP011966__SITE05,3L,35679104
AGAP011966__SITE05,3L,35679105
AGAP011966__SITE05,3L,35679106
AGAP011966__SITE05,3L,35679107
AGAP011966__SITE05,3L,35679108
AGAP012142__SITE01,3L,38043316
AGAP012142__SITE01,3L,38043325
AGAP012142__SITE01,3L,38043330
AGAP012142__SITE02,3L,38043388
AGAP012142__SITE02,3L,38043391
AGAP012142__SITE03,3L,38043501
AGAP012142__SITE03,3L,38043502
AGAP012142__SITE04,3L,38043610
AGAP012142__SITE04,3L,38043619
AGAP012142__SITE05,3L,38043805
AGAP012142__SITE05,3L,38043807
AGAP012142__SITE05,3L,38043814
AGAP012142__SITE05,3L,38043820
AGAP012424__SITE01,3L,41912320
AGAP012424__SITE01,3L,41912328
AGAP012424__SITE01,3L,41912336
AGAP012424__SITE01,3L,41912340
AGAP012424__SITE02,3L,41912830
AGAP012424__SITE02,3L,41912832
AGAP012424__SITE02,3L,41912833
AGAP012424__SITE02,3L,41912838
AGAP012424__SITE02,3L,41912842
AGAP012424__SITE03,3L,41912853
AGAP012424__SITE03,3L,41912871
AGAP012424__SITE04,3L,41924265
AGAP012424__SITE05,3L,41924265
AGAP000099__SITE01,X,1609364
AGAP000099__SITE02,X,1609364
AGAP000099__SITE01,X,1609366
AGAP000099__SITE02,X,1609366
AGAP000099__SITE01,X,1609372
AGAP000099__SITE02,X,1609372
AGAP000099__SITE01,X,1609375
AGAP000099__SITE02,X,1609375
AGAP000099__SITE03,X,1609663
AGAP000099__SITE03,X,1609665
AGAP000099__SITE03,X,1609666
AGAP000099__SITE03,X,1609674
AGAP000099__SITE03,X,1609677
AGAP000099__SITE04,X,1609731
AGAP000099__SITE04,X,1609732
AGAP000099__SITE04,X,1609746
AGAP000099__SITE05,X,1609872
AGAP000099__SITE05,X,1609875
AGAP000099__SITE05,X,1609879
AGAP000099__SITE05,X,1609893
AGAP000399__SITE01,X,7253376
AGAP000399__SITE01,X,7253382
AGAP000399__SITE01,X,7253385
AGAP000399__SITE01,X,7253388
AGAP000399__SITE02,X,7260818
AGAP000399__SITE02,X,7260827
AGAP000399__SITE03,X,7261447
AGAP000399__SITE03,X,7261451
AGAP000399__SITE03,X,7261454
AGAP000399__SITE03,X,7261463
AGAP000399__SITE04,X,7261526
AGAP000399__SITE04,X,7261532
AGAP000399__SITE04,X,7261535
AGAP000399__SITE05,X,7261871
AGAP000399__SITE05,X,7261877
AGAP000399__SITE05,X,7261883
AGAP000627__SITE01,X,11286112
AGAP000627__SITE02,X,11286112
AGAP000627__SITE03,X,11286112
AGAP000627__SITE01,X,11286121
AGAP000627__SITE02,X,11286121
AGAP000627__SITE03,X,11286121
AGAP000627__SITE04,X,11286121
AGAP000627__SITE01,X,11286124
AGAP000627__SITE02,X,11286124
AGAP000627__SITE03,X,11286124
AGAP000627__SITE04,X,11286124
AGAP000627__SITE03,X,11286133
AGAP000627__SITE04,X,11286133
AGAP000627__SITE05,X,11286160
AGAP000627__SITE05,X,11286169
AGAP012991__SITE01,X,15826403
AGAP012991__SITE01,X,15826408
AGAP012991__SITE01,X,15826417
AGAP012991__SITE02,X,15826450
AGAP012991__SITE02,X,15826468
AGAP012991__SITE03,X,15826468
AGAP012991__SITE04,X,15826486
AGAP012991__SITE04,X,15826489
AGAP012991__SITE05,X,15826511
AGAP012991__SITE05,X,15826525
AGAP000999__SITE01,X,19003008
AGAP000999__SITE01,X,19003013
AGAP000999__SITE01,X,19003016
AGAP000999__SITE02,X,19003016
AGAP000999__SITE01,X,19003020
AGAP000999__SITE02,X,19003020
AGAP000999__SITE01,X,19003023
AGAP000999__SITE02,X,19003023
AGAP000999__SITE02,X,19003029
AGAP000999__SITE02,X,19003035
AGAP001015__SITE01,X,19495609
AGAP001015__SITE01,X,19495613
AGAP001015__SITE01,X,19495621
AGAP001015__SITE02,X,19495621
AGAP001015__SITE02,X,19495634
AGAP001015__SITE03,X,19496234
AGAP001015__SITE03,X,19496238
AGAP001015__SITE03,X,19496248
AGAP001015__SITE03,X,19496249
AGAP001015__SITE03,X,19496254
AGAP001015__SITE04,X,19496573
AGAP001015__SITE05,X,19497127
