population_site_id,population_exact_mean,population_exact_sd,population_exact_min,population_exact_max,populations_assessed,population_exact_range
AGAP007999__SITE01,0.93521610693235,0.0829878714789841,0.729166666666667,0.993333333333333,10,0.264166666666666
AGAP007999__SITE02,0.996550196582805,0.00489984857821618,0.986531986531987,1,10,0.013468013468013
AGAP007999__SITE03,0.996718546751156,0.00453254966215487,0.988215488215488,1,10,0.011784511784512
AGAP007999__SITE04,0.591873668531124,0.134953267799179,0.291666666666667,0.732394366197183,10,0.440727699530516
AGAP007999__SITE05,0.994593763724198,0.0102719961249577,0.972727272727273,1,10,0.027272727272727
AGAP005917__SITE01,0.993921709329318,0.0103970040906334,0.966666666666667,1,10,0.033333333333333
AGAP005917__SITE02,0.9996632996633,0.00106473995291854,0.996632996632997,1,10,0.00336700336700302
AGAP005917__SITE03,0.0257687035696833,0.0453383751250645,0,0.112676056338028,10,0.112676056338028
AGAP005917__SITE04,0.0257687035696833,0.0453383751250645,0,0.112676056338028,10,0.112676056338028
AGAP005917__SITE05,0.992554705962315,0.0121493052954258,0.961279461279461,1,10,0.038720538720539
AGAP011966__SITE01,0.9903293300902,0.0145114699702417,0.956521739130435,1,10,0.043478260869565
AGAP011966__SITE02,0.434407444044921,0.121663644383492,0.290909090909091,0.681159420289855,10,0.390250329380764
AGAP011966__SITE03,0.437390732897775,0.121536061437183,0.290909090909091,0.681159420289855,10,0.390250329380764
AGAP011966__SITE04,0.995230323420541,0.00623454628640699,0.986607142857143,1,10,0.013392857142857
AGAP011966__SITE05,0.08596176597608,0.142065901718575,0,0.458333333333333,10,0.458333333333333
AGAP004036__SITE01,0.817094442662416,0.123874991133644,0.659420289855073,1,10,0.340579710144927
AGAP004036__SITE02,0.365469421922116,0.113488933685582,0.243589743589744,0.613333333333333,10,0.369743589743589
AGAP004036__SITE03,0.987250934423699,0.0200976306761132,0.9375,1,10,0.0625
AGAP004036__SITE04,0.986341843514608,0.0201193689384473,0.9375,1,10,0.0625
AGAP004036__SITE05,0.943237682205073,0.0694890598717038,0.801346801346801,1,10,0.198653198653199
AGAP004825__SITE01,1,0,1,1,10,0
AGAP004825__SITE02,0.858897521934417,0.210158512937566,0.395833333333333,1,10,0.604166666666667
AGAP004825__SITE03,0.900521204816367,0.0987538643509174,0.695286195286195,1,10,0.304713804713805
AGAP004825__SITE04,0.977497330712426,0.038464485845144,0.875,1,10,0.125
AGAP004825__SITE05,0.992772727272727,0.01176844624007,0.972727272727273,1,10,0.027272727272727
AGAP003595__SITE01,0.987724877665937,0.0133792978573561,0.966666666666667,1,10,0.033333333333333
AGAP003595__SITE02,0.929564614823724,0.117009571529816,0.608974358974359,1,10,0.391025641025641
AGAP003595__SITE03,0.94949564305022,0.0381967431442866,0.9,1,10,0.1
AGAP003595__SITE04,0.993464169686996,0.00791625061826748,0.979166666666667,1,10,0.020833333333333
AGAP003595__SITE05,0.991101421440368,0.0170330363399756,0.946666666666667,1,10,0.053333333333333
AGAP007413__SITE01,0.9145269942884,0.0664721220439484,0.782608695652174,1,10,0.217391304347826
AGAP007413__SITE02,0.954534146386489,0.0429229378045866,0.891025641025641,1,10,0.108974358974359
AGAP007413__SITE03,0.992610866560806,0.00714561439592979,0.981818181818182,1,10,0.018181818181818
AGAP007413__SITE04,0.990581185090906,0.0216777510212342,0.92948717948718,1,10,0.07051282051282
AGAP007413__SITE05,0.524146791634009,0.200642685193801,0.166666666666667,0.781818181818182,10,0.615151515151515
AGAP009600__SITE01,0.940091065768959,0.103392317947052,0.653846153846154,1,10,0.346153846153846
AGAP009600__SITE02,0.997534548382374,0.00529492276313729,0.983695652173913,1,10,0.016304347826087
AGAP009600__SITE03,0.936709875011926,0.0527928024128335,0.864130434782609,1,10,0.135869565217391
AGAP009600__SITE04,0.928482374855079,0.0611091031040099,0.831521739130435,1,10,0.168478260869565
AGAP009600__SITE05,0.991772499843152,0.0126467427119853,0.967391304347826,1,10,0.0326086956521739
AGAP005763__SITE01,0.996017015392015,0.00740197860674936,0.977678571428571,1,10,0.022321428571429
AGAP005763__SITE02,0.0526373805001331,0.0428756748071559,0,0.147435897435897,10,0.147435897435897
AGAP005763__SITE03,0.0526373805001331,0.0428756748071559,0,0.147435897435897,10,0.147435897435897
AGAP005763__SITE04,0.936302208839334,0.0674565433803542,0.790909090909091,1,10,0.209090909090909
AGAP005763__SITE05,0.936201198738324,0.0650862492328316,0.8,1,10,0.2
AGAP011204__SITE01,0.916589569909916,0.0558415511893337,0.789855072463768,0.974358974358974,10,0.184503901895206
AGAP011204__SITE02,0.909556212912306,0.0459498171680671,0.797101449275362,0.955128205128205,10,0.158026755852843
AGAP011204__SITE03,0.719052067860243,0.134084947868181,0.434782608695652,0.916666666666667,10,0.481884057971015
AGAP011204__SITE04,0.783813513424046,0.123756505401794,0.586956521739131,0.979166666666667,10,0.392210144927536
AGAP011204__SITE05,0.897501783272068,0.0643342503368903,0.75,0.974358974358974,10,0.224358974358974
AGAP009921__SITE01,0.993196566605017,0.0108732034797506,0.971830985915493,1,10,0.028169014084507
AGAP009921__SITE02,0.998045774647887,0.00431603428298896,0.9875,1,10,0.0125
AGAP009921__SITE03,0.998621504904114,0.00253449528336855,0.993333333333333,1,10,0.00666666666666704
AGAP009921__SITE04,0.949614045641143,0.079324011547521,0.763636363636364,1,10,0.236363636363636
AGAP009921__SITE05,0.981344110115237,0.0284502450067906,0.929577464788732,1,10,0.070422535211268
AGAP002300__SITE01,0.934574866156388,0.0698478110430097,0.798913043478261,1,10,0.201086956521739
AGAP002300__SITE02,0.257515178650589,0.130948380973014,0.0579710144927536,0.505434782608696,10,0.447463768115942
AGAP002300__SITE03,0.9920465835932,0.0114790366071559,0.963768115942029,1,10,0.036231884057971
AGAP002300__SITE04,0.990253105332331,0.0108230729033072,0.963768115942029,1,10,0.036231884057971
AGAP002300__SITE05,0.997940624190624,0.00418682162559778,0.9875,1,10,0.0125
AGAP004038__SITE01,0.993616672320898,0.00889209009147644,0.974358974358974,1,10,0.025641025641026
AGAP004038__SITE02,0.898389314188227,0.161244703405095,0.461538461538462,1,10,0.538461538461538
AGAP004038__SITE03,0.0132121212121212,0.02949882360056,0,0.0866666666666667,10,0.0866666666666667
AGAP004038__SITE04,1,0,1,1,10,0
AGAP004038__SITE05,0.840990566919302,0.131930404582532,0.608695652173913,1,10,0.391304347826087
AGAP003769__SITE01,0.965382738584361,0.0321621471106989,0.918181818181818,1,10,0.081818181818182
AGAP003769__SITE02,0.97258358208098,0.0469103901395982,0.854545454545455,1,10,0.145454545454545
AGAP003769__SITE03,0.979752240717029,0.0265066749470158,0.9375,1,10,0.0625
AGAP003769__SITE04,0.891014508047576,0.0765900940458964,0.763636363636364,1,10,0.236363636363636
AGAP003769__SITE05,0.952705687204769,0.0598734745907852,0.827272727272727,1,10,0.172727272727273
AGAP002004__SITE01,0.955725171462771,0.0582026284680926,0.823943661971831,1,10,0.176056338028169
AGAP002004__SITE02,0.996596031786249,0.00509982759382313,0.986607142857143,1,10,0.013392857142857
AGAP002004__SITE03,0.988236504409269,0.0131642766046065,0.967391304347826,1,10,0.0326086956521739
AGAP002004__SITE04,0.971489939926713,0.017853192622349,0.95,1,10,0.05
AGAP002004__SITE05,0.97055321067821,0.0303885385049284,0.91304347826087,1,10,0.08695652173913
AGAP009488__SITE01,0.951248950727212,0.0510901814195789,0.833333333333333,1,10,0.166666666666667
AGAP009488__SITE02,0.99910701215049,0.00229419271253513,0.992753623188406,1,10,0.00724637681159401
AGAP009488__SITE03,0.991390557799009,0.0130599022249362,0.966666666666667,1,10,0.033333333333333
AGAP009488__SITE04,0.991390557799009,0.0130599022249362,0.966666666666667,1,10,0.033333333333333
AGAP009488__SITE05,0.98521321079014,0.0185320203938111,0.953333333333333,1,10,0.046666666666667
AGAP005127__SITE01,0.979648421858924,0.0213692556714999,0.946666666666667,1,10,0.053333333333333
AGAP005127__SITE02,0.997744107744108,0.00486645565948734,0.986531986531987,1,10,0.013468013468013
AGAP005127__SITE03,0.994663885229103,0.00864425837341484,0.973333333333333,1,10,0.026666666666667
AGAP005127__SITE04,0.986669110881067,0.0235791906204702,0.923913043478261,1,10,0.076086956521739
AGAP005127__SITE05,0.996369936597049,0.00449847313341312,0.986666666666667,1,10,0.013333333333333
AGAP010711__SITE01,0.996794871794872,0.0101355053210525,0.967948717948718,1,10,0.0320512820512821
AGAP010711__SITE02,0.996794871794872,0.0101355053210525,0.967948717948718,1,10,0.0320512820512821
AGAP010711__SITE03,0.993269140682184,0.0102283944671885,0.973333333333333,1,10,0.026666666666667
AGAP010711__SITE04,0.982082225088196,0.0235181831032738,0.936619718309859,1,10,0.063380281690141
AGAP010711__SITE05,0.982082225088196,0.0235181831032738,0.936619718309859,1,10,0.063380281690141
AGAP005321__SITE01,0.992125851691911,0.0108347737077767,0.971830985915493,1,10,0.028169014084507
AGAP005321__SITE02,0.957925108880482,0.0336823553179616,0.915178571428571,1,10,0.084821428571429
AGAP005321__SITE03,0.957925108880482,0.0336823553179616,0.915178571428571,1,10,0.084821428571429
AGAP005321__SITE04,0.984227549825376,0.0259088065916408,0.916666666666667,1,10,0.083333333333333
AGAP005321__SITE05,0.984227549825376,0.0259088065916408,0.916666666666667,1,10,0.083333333333333
AGAP001099__SITE01,0.998324013949014,0.00425069983377102,0.986607142857143,1,10,0.013392857142857
AGAP001099__SITE02,0.999216871091871,0.00167111571993472,0.995535714285714,1,10,0.00446428571428603
AGAP001099__SITE03,0.999216871091871,0.00167111571993472,0.995535714285714,1,10,0.00446428571428603
AGAP001099__SITE04,1,0,1,1,10,0
AGAP001099__SITE05,0.853536149950954,0.220875986800965,0.446666666666667,1,10,0.553333333333333
AGAP006939__SITE01,0.921433782978945,0.0777389091914119,0.729166666666667,1,10,0.270833333333333
AGAP006939__SITE02,0.923812082014853,0.0785562368419846,0.729166666666667,1,10,0.270833333333333
AGAP006939__SITE03,0.983359345565867,0.0242893451805303,0.923913043478261,1,10,0.076086956521739
AGAP006939__SITE04,0.982049635722401,0.020275384860985,0.9375,1,10,0.0625
AGAP006939__SITE05,0.887778564005906,0.0928577768850515,0.74,1,10,0.26
AGAP004957__SITE01,0.687305856628346,0.111886108066783,0.478260869565217,0.878205128205128,10,0.399944258639911
AGAP004957__SITE02,0.992568501920615,0.0143027711010034,0.96,1,10,0.04
AGAP004957__SITE03,0.992568501920615,0.0143027711010034,0.96,1,10,0.04
AGAP004957__SITE04,0.95569712602949,0.0746819726920077,0.75,1,10,0.25
AGAP004957__SITE05,0.996258409666018,0.00523167364728463,0.986666666666667,1,10,0.013333333333333
AGAP010175__SITE01,0.946027191843787,0.0377939355186,0.9,1,10,0.1
AGAP010175__SITE02,0.989358941527956,0.0217345023895652,0.936619718309859,1,10,0.063380281690141
AGAP010175__SITE03,0.989358941527956,0.0217345023895652,0.936619718309859,1,10,0.063380281690141
AGAP010175__SITE04,0.998020186335404,0.0041988121905684,0.989130434782609,1,10,0.010869565217391
AGAP010175__SITE05,0.971819663745567,0.0249936630459669,0.933333333333333,1,10,0.066666666666667
AGAP007280__SITE01,0.332418880616447,0.0970291248665023,0.0833333333333333,0.449275362318841,10,0.365942028985508
AGAP007280__SITE02,0.940829917063613,0.0939800952690607,0.685897435897436,1,10,0.314102564102564
AGAP007280__SITE03,0.854366706890896,0.083983813694647,0.754545454545455,1,10,0.245454545454545
AGAP007280__SITE04,0.854366706890896,0.083983813694647,0.754545454545455,1,10,0.245454545454545
AGAP007280__SITE05,0.995645321437651,0.00482680647978531,0.987179487179487,1,10,0.012820512820513
AGAP001135__SITE01,0.997264942126776,0.00452611365719266,0.985915492957746,1,10,0.0140845070422539
AGAP001135__SITE02,0.832525964266166,0.0955465579470106,0.673913043478261,1,10,0.326086956521739
AGAP001135__SITE03,0.98295879764358,0.0327692684538249,0.891304347826087,1,10,0.108695652173913
AGAP001135__SITE04,0.650689832326391,0.16663860106019,0.1875,0.767857142857143,10,0.580357142857143
AGAP001135__SITE05,0.911843726500417,0.0603699945337775,0.847826086956522,1,10,0.152173913043478
AGAP009048__SITE01,0.973932837206567,0.0166016742817266,0.945454545454546,1,10,0.054545454545454
AGAP009048__SITE02,0.985558323290871,0.0142913261168876,0.955128205128205,1,10,0.0448717948717951
AGAP009048__SITE03,0.989905211535646,0.0125218595879791,0.966666666666667,1,10,0.033333333333333
AGAP009048__SITE04,0.991821878202313,0.00995910241321454,0.973333333333333,1,10,0.026666666666667
AGAP009048__SITE05,0.953652265809875,0.042381402098939,0.884057971014493,1,10,0.115942028985507
AGAP010313__SITE01,0.99945652173913,0.0017186291631351,0.994565217391304,1,10,0.00543478260869601
AGAP010313__SITE02,0.999553571428571,0.00141173109828956,0.995535714285714,1,10,0.00446428571428603
AGAP010313__SITE03,0.999553571428571,0.00141173109828956,0.995535714285714,1,10,0.00446428571428603
AGAP010313__SITE04,0.9996632996633,0.00106473995291854,0.996632996632997,1,10,0.00336700336700302
AGAP010313__SITE05,0.99945652173913,0.0017186291631351,0.994565217391304,1,10,0.00543478260869601
AGAP009338__SITE01,0.86930465774388,0.0741341207189212,0.76056338028169,1,10,0.23943661971831
AGAP009338__SITE02,0.893201867786451,0.0651917688256454,0.811594202898551,1,10,0.188405797101449
AGAP009338__SITE03,0.872905022117208,0.0913066275647932,0.688405797101449,1,10,0.311594202898551
AGAP009338__SITE04,0.00927290934157132,0.0151853411137513,0,0.0454545454545455,10,0.0454545454545455
AGAP009338__SITE05,0.905035849968566,0.1087715958173,0.628205128205128,0.979166666666667,10,0.350961538461539
AGAP001015__SITE01,0.98253803362499,0.0423274368377044,0.871794871794872,1,9,0.128205128205128
AGAP001015__SITE02,0.997123162186433,0.00464498702093282,0.9875,1,9,0.0125
AGAP001015__SITE03,0.994550526699945,0.0120620368846028,0.964788732394366,1,9,0.035211267605634
AGAP001015__SITE04,0.957048227603443,0.0894671864295966,0.724358974358974,1,9,0.275641025641026
AGAP001015__SITE05,0.999503968253968,0.00148809523809534,0.995535714285714,1,9,0.00446428571428603
AGAP010219__SITE01,0.982313363970973,0.0238816824512664,0.9375,1,10,0.0625
AGAP010219__SITE02,0.983021833239225,0.0208223946677701,0.951086956521739,1,10,0.048913043478261
AGAP010219__SITE03,0.9960533126294,0.00845746164101214,0.973214285714286,1,10,0.026785714285714
AGAP010219__SITE04,0.956358135344051,0.0731377174051868,0.8,1,10,0.2
AGAP010219__SITE05,0.99983164983165,0.000532369976459408,0.998316498316498,1,10,0.00168350168350195
AGAP008191__SITE01,0.915005191671067,0.0426445903196553,0.853260869565217,0.963636363636364,10,0.110375494071147
AGAP008191__SITE02,0.993993901227597,0.00754773207561339,0.978114478114478,1,10,0.021885521885522
AGAP008191__SITE03,0.00315151515151515,0.00674154460270358,0,0.0181818181818182,10,0.0181818181818182
AGAP008191__SITE04,0.00315151515151515,0.00674154460270358,0,0.0181818181818182,10,0.0181818181818182
AGAP008191__SITE05,0.00315151515151515,0.00674154460270358,0,0.0181818181818182,10,0.0181818181818182
AGAP005871__SITE01,0.999275362318841,0.00229150555084659,0.992753623188406,1,10,0.00724637681159401
AGAP005871__SITE02,0.928494033027484,0.0810740204462475,0.729166666666667,1,10,0.270833333333333
AGAP005871__SITE03,0.317578518222042,0.206518366086353,0.02,0.6875,10,0.6675
AGAP005871__SITE04,0.722018971491415,0.105656498385741,0.53804347826087,0.836363636363636,10,0.298320158102766
AGAP005871__SITE05,0.485190783395009,0.223405638437169,0.125,0.833333333333333,10,0.708333333333333
AGAP008015__SITE01,0.92947348111846,0.0360736660627346,0.866071428571429,1,10,0.133928571428571
AGAP008015__SITE02,0.883722984175449,0.0840070607564845,0.731884057971015,1,10,0.268115942028985
AGAP008015__SITE03,0.980372323532765,0.016788566238963,0.950704225352113,1,10,0.049295774647887
AGAP008015__SITE04,0.996945518853128,0.00454066783385183,0.986607142857143,1,10,0.013392857142857
AGAP008015__SITE05,0.86653902099692,0.12014458453439,0.551282051282051,0.979166666666667,10,0.427884615384616
AGAP004078__SITE01,0.911774621915926,0.201768810267916,0.346153846153846,1,10,0.653846153846154
AGAP004078__SITE02,0.934615384615385,0.206764308549471,0.346153846153846,1,10,0.653846153846154
AGAP004078__SITE03,0.607017732879491,0.348563577725636,0,1,10,1
AGAP004078__SITE04,0.984529184991371,0.0302640193347177,0.901408450704225,1,10,0.098591549295775
AGAP004078__SITE05,0.677460661469464,0.227648954886376,0.367003367003367,0.923076923076923,10,0.556073556073556
AGAP004852__SITE01,0.978297467427902,0.0592600883107741,0.811594202898551,1,10,0.188405797101449
AGAP004852__SITE02,0.995012517647239,0.0110991730245925,0.964285714285714,1,10,0.035714285714286
AGAP004852__SITE03,0.980425163805599,0.0329771574346387,0.891025641025641,1,10,0.108974358974359
AGAP004852__SITE04,1,0,1,1,10,0
AGAP004852__SITE05,0.991477887048539,0.0142133800620182,0.963636363636364,1,10,0.036363636363636
AGAP012424__SITE01,0.994679473304473,0.00799097761599661,0.977678571428571,1,10,0.022321428571429
AGAP012424__SITE02,0.98881632449506,0.021772588491805,0.929577464788732,1,10,0.070422535211268
AGAP012424__SITE03,0.998550204425204,0.00246513310367859,0.993333333333333,1,10,0.00666666666666704
AGAP012424__SITE04,1,0,1,1,10,0
AGAP012424__SITE05,1,0,1,1,10,0
AGAP007775__SITE01,0,0,0,0,10,0
AGAP007775__SITE02,0.0556211884099208,0.0987639756437662,0,0.263636363636364,10,0.263636363636364
AGAP007775__SITE03,0.899120735343562,0.0996612987355387,0.75,1,10,0.25
AGAP007775__SITE04,0.898092719421945,0.0982689502576751,0.7375,1,10,0.2625
AGAP007775__SITE05,0.962846625772223,0.0317286150796105,0.903846153846154,1,10,0.096153846153846
AGAP010722__SITE01,0.487428361434102,0.150484708230126,0.208333333333333,0.674107142857143,10,0.46577380952381
AGAP010722__SITE02,0.954924007302375,0.0489881059802164,0.875,1,10,0.125
AGAP010722__SITE03,0.996841742999352,0.00625881612908696,0.98,1,10,0.02
AGAP010722__SITE04,0.984638535980927,0.0200438822630968,0.934343434343434,1,10,0.065656565656566
AGAP010722__SITE05,0.603487989749472,0.123947449810948,0.3125,0.725,10,0.4125
AGAP009792__SITE01,0.969480349561871,0.0361662883111684,0.897321428571429,1,10,0.102678571428571
AGAP009792__SITE02,0.993169540777088,0.00742251272646082,0.978260869565217,1,10,0.021739130434783
AGAP009792__SITE03,0.327699448300107,0.146848137371047,0.108695652173913,0.5,10,0.391304347826087
AGAP009792__SITE04,0.690580996431502,0.0811090767339363,0.596153846153846,0.833333333333333,10,0.237179487179487
AGAP009792__SITE05,0.947310896229374,0.0683943243068504,0.790178571428571,1,10,0.209821428571429
AGAP000999__SITE01,0.990178764662325,0.0207442409808236,0.935897435897436,1,9,0.064102564102564
AGAP000999__SITE02,0.991779556996948,0.0212090785250276,0.935897435897436,1,9,0.064102564102564
AGAP000999__SITE03,1,0,1,1,9,0
AGAP000999__SITE04,1,0,1,1,9,0
AGAP000999__SITE05,1,0,1,1,9,0
AGAP007217__SITE01,0.992515573798182,0.0178503810070536,0.942307692307692,1,10,0.057692307692308
AGAP007217__SITE02,0.955765089036522,0.0527867999725977,0.814102564102564,1,10,0.185897435897436
AGAP007217__SITE03,0.268469512748371,0.140245995336679,0,0.448717948717949,10,0.448717948717949
AGAP007217__SITE04,0.971596176569003,0.0273592890177494,0.927536231884058,1,10,0.072463768115942
AGAP007217__SITE05,0.994065084070519,0.00764437476056024,0.978260869565217,1,10,0.021739130434783
AGAP009091__SITE01,0.984550391407939,0.0141783384960354,0.959821428571429,1,10,0.040178571428571
AGAP009091__SITE02,0.993412736103796,0.0085590798114186,0.971830985915493,1,10,0.028169014084507
AGAP009091__SITE03,0.985669564995346,0.0110845751221843,0.964788732394366,1,10,0.035211267605634
AGAP009091__SITE04,0.795562142258866,0.122493640798616,0.525641025641026,0.958333333333333,10,0.432692307692307
AGAP009091__SITE05,0.979378359160968,0.0453645533611991,0.854166666666667,1,10,0.145833333333333
AGAP006989__SITE01,0.995518537995651,0.00444140666454931,0.9875,1,10,0.0125
AGAP006989__SITE02,0.952813482011966,0.0810601295019749,0.729166666666667,1,10,0.270833333333333
AGAP006989__SITE03,0.37444924597244,0.292572648931305,0.04,0.974358974358974,10,0.934358974358974
AGAP006989__SITE04,0.910448343127921,0.0650215907345371,0.8,1,10,0.2
AGAP006989__SITE05,0.443518546435647,0.307758712858186,0.0733333333333333,0.942307692307692,10,0.868974358974359
AGAP005062__SITE01,1,0,1,1,10,0
AGAP005062__SITE02,0.983122310977562,0.0322565087701555,0.895833333333333,1,10,0.104166666666667
AGAP005062__SITE03,0.996698104230713,0.0046195309730016,0.9875,1,10,0.0125
AGAP005062__SITE04,0.996698104230713,0.0046195309730016,0.9875,1,10,0.0125
AGAP005062__SITE05,0.987041808750321,0.0166011708295471,0.949275362318841,1,10,0.050724637681159
AGAP008118__SITE01,0.971121009397035,0.0294537796513123,0.9,1,10,0.1
AGAP008118__SITE02,0.418372668204649,0.14366820218973,0.272727272727273,0.729166666666667,10,0.456439393939394
AGAP008118__SITE03,0.998395314427923,0.00309731550118476,0.991071428571429,1,10,0.00892857142857095
AGAP008118__SITE04,0.991861858668197,0.00869727098084997,0.97887323943662,1,10,0.02112676056338
AGAP008118__SITE05,0.920296589169829,0.0412052898942215,0.8375,0.979166666666667,10,0.141666666666667
AGAP000099__SITE01,0.981426880565697,0.0171659510374517,0.9625,1,9,0.0375
AGAP000099__SITE02,0.981426880565697,0.0171659510374517,0.9625,1,9,0.0375
AGAP000099__SITE03,0.984741807887333,0.0144947437569231,0.9625,1,9,0.0375
AGAP000099__SITE04,0.997729578461863,0.00342861135621097,0.992537313432836,1,9,0.00746268656716398
AGAP000099__SITE05,0.996853676282618,0.00747731860055859,0.977611940298507,1,9,0.022388059701493
AGAP004239__SITE01,0.987211538461539,0.036262027862411,0.884615384615385,1,10,0.115384615384615
AGAP004239__SITE02,0.987211538461539,0.036262027862411,0.884615384615385,1,10,0.115384615384615
AGAP004239__SITE03,0.950046519675806,0.0667694427899045,0.826086956521739,1,10,0.173913043478261
AGAP004239__SITE04,0.947150548621844,0.0652173281080603,0.823943661971831,1,10,0.176056338028169
AGAP004239__SITE05,0.954545102620271,0.0474556645921717,0.869565217391304,1,10,0.130434782608696
AGAP006935__SITE01,0.582883081369992,0.319965636585573,0.0133333333333333,0.967948717948718,10,0.954615384615385
AGAP006935__SITE02,0.582862669040945,0.319113861528324,0.0133333333333333,0.967948717948718,10,0.954615384615385
AGAP006935__SITE03,1,0,1,1,10,0
AGAP006935__SITE04,1,0,1,1,10,0
AGAP006935__SITE05,1,0,1,1,10,0
AGAP007365__SITE01,1,0,1,1,10,0
AGAP007365__SITE02,1,0,1,1,10,0
AGAP007365__SITE03,1,0,1,1,10,0
AGAP007365__SITE04,1,0,1,1,10,0
AGAP007365__SITE05,1,0,1,1,10,0
AGAP007122__SITE01,0.995152288934898,0.00745945604125102,0.981481481481481,1,10,0.018518518518519
AGAP007122__SITE02,0.991981581996738,0.00990343374107397,0.972826086956522,1,10,0.0271739130434781
AGAP007122__SITE03,0.991981581996738,0.00990343374107397,0.972826086956522,1,10,0.0271739130434781
AGAP007122__SITE04,0.996473210364515,0.00541511597608025,0.983695652173913,1,10,0.016304347826087
AGAP007122__SITE05,0.99829240764452,0.00291005487250207,0.992957746478873,1,10,0.00704225352112697
AGAP011938__SITE01,0.943899282279717,0.0731115908753716,0.760869565217391,1,10,0.239130434782609
AGAP011938__SITE02,0.943899282279717,0.0731115908753716,0.760869565217391,1,10,0.239130434782609
AGAP011938__SITE03,0.906460346215781,0.20244614307059,0.333333333333333,1,10,0.666666666666667
AGAP011938__SITE04,0.668947853661954,0.119191279225522,0.375,0.8,10,0.425
AGAP011938__SITE05,0.99854347041847,0.00334573472716096,0.98989898989899,1,10,0.0101010101010101
AGAP007333__SITE01,0.883991371902349,0.0684990412583163,0.818181818181818,0.987179487179487,10,0.168997668997669
AGAP007333__SITE02,0.995320390760608,0.00568193824762035,0.986607142857143,1,10,0.013392857142857
AGAP007333__SITE03,0.978426767795721,0.0279308781223259,0.929577464788732,1,10,0.070422535211268
AGAP007333__SITE04,0.995122346654955,0.00556924784763312,0.986666666666667,1,10,0.013333333333333
AGAP007333__SITE05,0.995122346654955,0.00556924784763312,0.986666666666667,1,10,0.013333333333333
AGAP007063__SITE01,0.896287664208056,0.107995393769765,0.686666666666667,1,10,0.313333333333333
AGAP007063__SITE02,0.98517765875344,0.0191902472771484,0.94,1,10,0.0600000000000001
AGAP007063__SITE03,0.969172075712951,0.0321259250829144,0.9,1,10,0.1
AGAP007063__SITE04,0.0968343699857785,0.129035652831664,0,0.365384615384615,10,0.365384615384615
AGAP007063__SITE05,0.0968343699857785,0.129035652831664,0,0.365384615384615,10,0.365384615384615
AGAP007896__SITE01,0.0902076518178019,0.0615353484579173,0,0.174107142857143,10,0.174107142857143
AGAP007896__SITE02,0.0902076518178019,0.0615353484579173,0,0.174107142857143,10,0.174107142857143
AGAP007896__SITE03,0.0902076518178019,0.0615353484579173,0,0.174107142857143,10,0.174107142857143
AGAP007896__SITE04,0.902429679826648,0.0381133627969778,0.821428571428571,0.961538461538461,10,0.14010989010989
AGAP007896__SITE05,0.968215422862162,0.0515851692179423,0.833333333333333,1,10,0.166666666666667
AGAP005406__SITE01,0.94352308345756,0.0715835292355597,0.753623188405797,1,10,0.246376811594203
AGAP005406__SITE02,0.949329580735429,0.0708071993920775,0.775641025641026,1,10,0.224358974358974
AGAP005406__SITE03,0.949329580735429,0.0708071993920775,0.775641025641026,1,10,0.224358974358974
AGAP005406__SITE04,0.676066797777759,0.247769068637763,0.26056338028169,0.987179487179487,10,0.726616106897797
AGAP005406__SITE05,0.750385332784292,0.17129490851545,0.333333333333333,0.918181818181818,10,0.584848484848485
AGAP005959__SITE01,0.846947046755835,0.164969065300561,0.435897435897436,1,10,0.564102564102564
AGAP005959__SITE02,0.984592372603242,0.0141138433041856,0.956521739130435,1,10,0.043478260869565
AGAP005959__SITE03,0.997283088260201,0.00471984827651472,0.986607142857143,1,10,0.013392857142857
AGAP005959__SITE04,0.135102889164203,0.213923172731932,0,0.717948717948718,10,0.717948717948718
AGAP005959__SITE05,0.134436222497536,0.214331731376626,0,0.717948717948718,10,0.717948717948718
AGAP011849__SITE01,0.994010033042642,0.00674227092732486,0.982142857142857,1,10,0.017857142857143
AGAP011849__SITE02,0.0725729990026531,0.112730461888417,0,0.384057971014493,10,0.384057971014493
AGAP011849__SITE03,0.893959344518515,0.0527903774888916,0.770833333333333,0.955128205128205,10,0.184294871794872
AGAP011849__SITE04,0.894166122442684,0.0524284644327057,0.770833333333333,0.955128205128205,10,0.184294871794872
AGAP011849__SITE05,0.996831131831132,0.00635423367407747,0.980769230769231,1,10,0.0192307692307691
AGAP005874__SITE01,0.892222777033019,0.112143340664304,0.693333333333333,1,10,0.306666666666667
AGAP005874__SITE02,0.995508161323379,0.00678680521401893,0.981818181818182,1,10,0.018181818181818
AGAP005874__SITE03,0.99945652173913,0.0017186291631351,0.994565217391304,1,10,0.00543478260869601
AGAP005874__SITE04,0.503853630294996,0.275466059701445,0.0333333333333333,0.956521739130435,10,0.923188405797102
AGAP005874__SITE05,0.769152654890867,0.167902313824542,0.395833333333333,0.927272727272727,10,0.531439393939394
AGAP010380__SITE01,1,0,1,1,10,0
AGAP010380__SITE02,1,0,1,1,10,0
AGAP010380__SITE03,0.965771756423931,0.0792459264781999,0.743589743589744,1,10,0.256410256410256
AGAP010380__SITE04,0.990022274022274,0.0281151262160855,0.91025641025641,1,10,0.08974358974359
AGAP010380__SITE05,0.248237292699249,0.244289016956636,0,0.623188405797102,10,0.623188405797102
AGAP004467__SITE01,0.984486309584136,0.0231437350289238,0.9375,1,10,0.0625
AGAP004467__SITE02,0.891100962222441,0.078520661630024,0.72463768115942,0.983695652173913,10,0.259057971014493
AGAP004467__SITE03,0.891100962222441,0.078520661630024,0.72463768115942,0.983695652173913,10,0.259057971014493
AGAP004467__SITE04,0.95928494188162,0.0856397141447354,0.717948717948718,1,10,0.282051282051282
AGAP004467__SITE05,0.962898258142823,0.0871059220297258,0.717948717948718,1,10,0.282051282051282
AGAP004685__SITE01,1,0,1,1,10,0
AGAP004685__SITE02,1,0,1,1,10,0
AGAP004685__SITE03,1,0,1,1,10,0
AGAP004685__SITE04,1,0,1,1,10,0
AGAP004685__SITE05,1,0,1,1,10,0
AGAP004502__SITE01,0.998040467957798,0.00383227959930339,0.989130434782609,1,10,0.010869565217391
AGAP004502__SITE02,1,0,1,1,10,0
AGAP004502__SITE03,0.97856847408562,0.0428858787166024,0.86231884057971,1,10,0.13768115942029
AGAP004502__SITE04,0.999553571428571,0.00141173109828956,0.995535714285714,1,10,0.00446428571428603
AGAP004502__SITE05,0.993589743589744,0.020271010642105,0.935897435897436,1,10,0.064102564102564
AGAP004699__SITE01,0.998717948717949,0.00405420212842106,0.987179487179487,1,10,0.012820512820513
AGAP004699__SITE02,0.998717948717949,0.00405420212842106,0.987179487179487,1,10,0.012820512820513
AGAP004699__SITE03,1,0,1,1,10,0
AGAP004699__SITE04,1,0,1,1,10,0
AGAP004699__SITE05,1,0,1,1,10,0
AGAP002171__SITE01,0.991867823947049,0.00949398638683798,0.977678571428571,1,10,0.022321428571429
AGAP002171__SITE02,0.285587458078426,0.121058406289389,0,0.434782608695652,10,0.434782608695652
AGAP002171__SITE03,0.2769544647223,0.098076751706215,0.145833333333333,0.485507246376812,10,0.339673913043479
AGAP002171__SITE04,0.2782044647223,0.0972400845611437,0.145833333333333,0.485507246376812,10,0.339673913043479
AGAP002171__SITE05,0.266473218512793,0.0876258224675885,0.145833333333333,0.456521739130435,10,0.310688405797102
AGAP009515__SITE01,1,0,1,1,10,0
AGAP009515__SITE02,0.992214703918929,0.0122753971713572,0.967948717948718,1,10,0.0320512820512821
AGAP009515__SITE03,0.919485271716671,0.171170329703945,0.4375,1,10,0.5625
AGAP009515__SITE04,1,0,1,1,10,0
AGAP009515__SITE05,0.999326599326599,0.00212947990583739,0.993265993265993,1,10,0.00673400673400704
AGAP029982__SITE01,0.997196420729029,0.00482144169054962,0.9875,1,10,0.0125
AGAP029982__SITE02,0.98135346695558,0.0499505009001739,0.83974358974359,1,10,0.16025641025641
AGAP029982__SITE03,0.980552647835257,0.0384892448098251,0.878205128205128,1,10,0.121794871794872
AGAP029982__SITE04,1,0,1,1,10,0
AGAP029982__SITE05,1,0,1,1,10,0
AGAP009232__SITE01,0.992343264625873,0.0139738346482737,0.964285714285714,1,10,0.035714285714286
AGAP009232__SITE02,0.630721768561098,0.0873416164921586,0.448717948717949,0.754545454545455,10,0.305827505827506
AGAP009232__SITE03,0.630721768561098,0.0873416164921586,0.448717948717949,0.754545454545455,10,0.305827505827506
AGAP009232__SITE04,0.953992599794345,0.0431001845655291,0.8875,1,10,0.1125
AGAP009232__SITE05,0.975141600149867,0.024263551990795,0.9375,1,10,0.0625
AGAP005958__SITE01,0.97829717803516,0.0253517627064714,0.92,1,10,0.08
AGAP005958__SITE02,0.990854954827781,0.0130651002689958,0.96,1,10,0.04
AGAP005958__SITE03,0.994240416588243,0.00769407767285274,0.982142857142857,1,10,0.017857142857143
AGAP005958__SITE04,0.947462051406555,0.0450783067083458,0.854166666666667,0.992957746478873,10,0.138791079812206
AGAP005958__SITE05,0.948633117659143,0.0455041442919946,0.854166666666667,1,10,0.145833333333333
AGAP006241__SITE01,0.979189488968653,0.0300188555486805,0.9,1,10,0.1
AGAP006241__SITE02,0.993152266070438,0.0116986332882227,0.964788732394366,1,10,0.035211267605634
AGAP006241__SITE03,0.943941702391641,0.0748846591238669,0.77536231884058,1,10,0.22463768115942
AGAP006241__SITE04,0.994557450802016,0.0087288857732675,0.973333333333333,1,10,0.026666666666667
AGAP006241__SITE05,0.987604679828348,0.0146416802610326,0.964285714285714,1,10,0.035714285714286
AGAP009782__SITE01,0.00133333333333333,0.00421637021355783,0,0.0133333333333333,10,0.0133333333333333
AGAP009782__SITE02,0.00133333333333333,0.00421637021355783,0,0.0133333333333333,10,0.0133333333333333
AGAP009782__SITE03,0.997134670856349,0.00482934514937146,0.985507246376812,1,10,0.014492753623188
AGAP009782__SITE04,0.974425250273076,0.0700614030610136,0.775641025641026,1,10,0.224358974358974
AGAP009782__SITE05,0.773182205141483,0.0695963598747009,0.666666666666667,0.9,10,0.233333333333333
AGAP002475__SITE01,0.994678907244125,0.00870238697921286,0.974358974358974,1,10,0.025641025641026
AGAP002475__SITE02,0.305811872139337,0.134821252298653,0,0.474358974358974,10,0.474358974358974
AGAP002475__SITE03,0.305811872139337,0.134821252298653,0,0.474358974358974,10,0.474358974358974
AGAP002475__SITE04,0.912469966772018,0.0878112153627716,0.782608695652174,1,10,0.217391304347826
AGAP002475__SITE05,0.91478973522735,0.107196830743995,0.65625,1,10,0.34375
AGAP001526__SITE01,0.984905143568187,0.0140720001328465,0.9625,1,10,0.0375
AGAP001526__SITE02,0.550570791448011,0.237791288979237,0.355072463768116,0.954545454545455,10,0.599472990777339
AGAP001526__SITE03,0.979036718112805,0.0229191806372289,0.942028985507246,1,10,0.057971014492754
AGAP001526__SITE04,0.976043569902801,0.0380064609864476,0.881818181818182,1,10,0.118181818181818
AGAP001526__SITE05,0.967896313174023,0.0353156033358552,0.881818181818182,1,10,0.118181818181818
AGAP008381__SITE01,0.665511425763799,0.12430028847793,0.5375,0.903846153846154,10,0.366346153846154
AGAP008381__SITE02,0.664172140049513,0.124696465882554,0.5375,0.903846153846154,10,0.366346153846154
AGAP008381__SITE03,0.664715618310383,0.124492125031271,0.5375,0.903846153846154,10,0.366346153846154
AGAP008381__SITE04,0.880511992614335,0.0463932296016096,0.825,0.958333333333333,10,0.133333333333333
AGAP008381__SITE05,0.86195810351337,0.115017491035167,0.605633802816901,1,10,0.394366197183099
AGAP000399__SITE01,0.985257923744095,0.0202639484117103,0.943661971830986,1,9,0.056338028169014
AGAP000399__SITE02,0.998611111111111,0.00416666666666665,0.9875,1,9,0.0125
AGAP000399__SITE03,0.98644051396654,0.0198116478178347,0.943661971830986,1,9,0.056338028169014
AGAP000399__SITE04,0.994865058452015,0.00748591465908794,0.979166666666667,1,9,0.020833333333333
AGAP000399__SITE05,0.997234900767509,0.00495364887581628,0.985507246376812,1,9,0.014492753623188
AGAP010197__SITE01,0.998550724637681,0.00458301110169318,0.985507246376812,1,10,0.014492753623188
AGAP010197__SITE02,0.9996632996633,0.00106473995291854,0.996632996632997,1,10,0.00336700336700302
AGAP010197__SITE03,0.927898890709209,0.0477056867518243,0.854166666666667,1,10,0.145833333333333
AGAP010197__SITE04,0.154320209578247,0.14978370678962,0.0492957746478873,0.564102564102564,10,0.514806789454677
AGAP010197__SITE05,0.154320209578247,0.14978370678962,0.0492957746478873,0.564102564102564,10,0.514806789454677
AGAP007855__SITE01,0.983634114074331,0.0187800813944826,0.95,1,10,0.05
AGAP007855__SITE02,0.998045935545935,0.00561276372834853,0.982142857142857,1,10,0.017857142857143
AGAP007855__SITE03,0.998045935545935,0.00561276372834853,0.982142857142857,1,10,0.017857142857143
AGAP007855__SITE04,0.988901503259051,0.010183625216466,0.975,1,10,0.025
AGAP007855__SITE05,0.988286724519272,0.0106797486605758,0.973214285714286,1,10,0.026785714285714
AGAP005130__SITE01,0.976173414406804,0.0226810627708545,0.947811447811448,1,10,0.052188552188552
AGAP005130__SITE02,0.997366198214024,0.00529406161734069,0.983695652173913,1,10,0.016304347826087
AGAP005130__SITE03,0.998498316498317,0.00419074936687724,0.986666666666667,1,10,0.013333333333333
AGAP005130__SITE04,0.999164983164983,0.00211623594607625,0.993333333333333,1,10,0.00666666666666704
AGAP005130__SITE05,0.964633024872997,0.0433823585789933,0.863636363636364,1,10,0.136363636363636
AGAP004962__SITE01,0.999090909090909,0.00287479787288033,0.990909090909091,1,10,0.00909090909090904
AGAP004962__SITE02,1,0,1,1,10,0
AGAP004962__SITE03,1,0,1,1,10,0
AGAP004962__SITE04,1,0,1,1,10,0
AGAP004962__SITE05,1,0,1,1,10,0
AGAP003594__SITE01,0.996527228809837,0.00666418047769445,0.97979797979798,1,10,0.02020202020202
AGAP003594__SITE02,0.972154990917545,0.0391455500449179,0.884057971014493,1,10,0.115942028985507
AGAP003594__SITE03,0.991538404228622,0.0127209473025823,0.964646464646465,1,10,0.035353535353535
AGAP003594__SITE04,0.991538404228622,0.0127209473025823,0.964646464646465,1,10,0.035353535353535
AGAP003594__SITE05,0.899902600164005,0.10902050373852,0.645833333333333,1,10,0.354166666666667
AGAP004729__SITE01,0.997916666666667,0.00658807845868403,0.979166666666667,1,10,0.020833333333333
AGAP004729__SITE02,0.997748316498317,0.00655032797973237,0.979166666666667,1,10,0.020833333333333
AGAP004729__SITE03,1,0,1,1,10,0
AGAP004729__SITE04,1,0,1,1,10,0
AGAP004729__SITE05,1,0,1,1,10,0
AGAP007570__SITE01,0.886501736481069,0.0573262145738216,0.769230769230769,1,10,0.230769230769231
AGAP007570__SITE02,0.69443635462596,0.184395523998693,0.418181818181818,1,10,0.581818181818182
AGAP007570__SITE03,0.848543986716828,0.155211310695579,0.626760563380282,1,10,0.373239436619718
AGAP007570__SITE04,0.879670260315086,0.141418015850348,0.654929577464789,1,10,0.345070422535211
AGAP007570__SITE05,0.969342911811375,0.0392765534829596,0.873239436619718,1,10,0.126760563380282
AGAP000627__SITE01,0.999560825647782,0.00131752305665367,0.996047430830039,1,9,0.00395256916996101
AGAP000627__SITE02,0.999560825647782,0.00131752305665367,0.996047430830039,1,9,0.00395256916996101
AGAP000627__SITE03,0.99801601932929,0.00306894181417276,0.992537313432836,1,9,0.00746268656716398
AGAP000627__SITE04,0.998235606505399,0.00281128487412149,0.992537313432836,1,9,0.00746268656716398
AGAP000627__SITE05,0.997674317509998,0.00492208515043448,0.986111111111111,1,9,0.013888888888889
AGAP009936__SITE01,0.774001744062904,0.0860202946314697,0.583333333333333,0.908450704225352,10,0.325117370892019
AGAP009936__SITE02,0.997788138765251,0.00450768274794783,0.986607142857143,1,10,0.013392857142857
AGAP009936__SITE03,0.997788138765251,0.00450768274794783,0.986607142857143,1,10,0.013392857142857
AGAP009936__SITE04,0.989438940688941,0.0280993057921802,0.91025641025641,1,10,0.08974358974359
AGAP009936__SITE05,0.988188940688941,0.0284707206154081,0.91025641025641,1,10,0.08974358974359
AGAP007938__SITE01,0.995244107744108,0.00858193777248471,0.975,1,10,0.025
AGAP007938__SITE02,0.994577441077441,0.00842901738461957,0.975,1,10,0.025
AGAP007938__SITE03,0.993380756320974,0.00784610946573683,0.975,1,10,0.025
AGAP007938__SITE04,0.994641699081916,0.00670544177461408,0.981818181818182,1,10,0.018181818181818
AGAP007938__SITE05,0.994473348913566,0.00676469027602883,0.981818181818182,1,10,0.018181818181818
AGAP004521__SITE01,0.607455738838853,0.169563543560303,0.418181818181818,0.987179487179487,10,0.568997668997669
AGAP004521__SITE02,0.778457045242639,0.162326733825215,0.416666666666667,0.987179487179487,10,0.57051282051282
AGAP004521__SITE03,0.986292632632728,0.0148768498866891,0.956521739130435,1,10,0.043478260869565
AGAP004521__SITE04,0.986292632632728,0.0148768498866891,0.956521739130435,1,10,0.043478260869565
AGAP004521__SITE05,0.986629332969428,0.0144926559850196,0.956521739130435,1,10,0.043478260869565
AGAP007729__SITE01,0.983072432398519,0.0225685849204087,0.945652173913043,1,10,0.054347826086957
AGAP007729__SITE02,0.998853923853924,0.00243730459466004,0.993589743589744,1,10,0.00641025641025605
AGAP007729__SITE03,1,0,1,1,10,0
AGAP007729__SITE04,0.998386683738796,0.00343527565072794,0.990909090909091,1,10,0.00909090909090904
AGAP007729__SITE05,0.998886904761905,0.00240334214729136,0.993333333333333,1,10,0.00666666666666704
AGAP012142__SITE01,0.986713076548885,0.0202026327299491,0.940217391304348,1,10,0.059782608695652
AGAP012142__SITE02,0.12488851425785,0.0661550265176582,0,0.25,10,0.25
AGAP012142__SITE03,0.99983164983165,0.000532369976459408,0.998316498316498,1,10,0.00168350168350195
AGAP012142__SITE04,0.866309668886828,0.0643844389479198,0.746666666666667,1,10,0.253333333333333
AGAP012142__SITE05,0.982087229569777,0.0164145237342597,0.954545454545455,1,10,0.045454545454545
AGAP006233__SITE01,0.973489562944937,0.0312419344561441,0.9,1,10,0.1
AGAP006233__SITE02,0.973489562944937,0.0312419344561441,0.9,1,10,0.1
AGAP006233__SITE03,0.974033041205806,0.0310657908483843,0.9,1,10,0.1
AGAP006233__SITE04,0.721142521831438,0.126011317432058,0.536231884057971,0.935897435897436,10,0.399665551839465
AGAP006233__SITE05,0.989258446263881,0.0183334169544192,0.945454545454546,1,10,0.054545454545454
AGAP004057__SITE01,0.230626055413027,0.289860740101465,0,0.626760563380282,10,0.626760563380282
AGAP004057__SITE02,0.230626055413027,0.289860740101465,0,0.626760563380282,10,0.626760563380282
AGAP004057__SITE03,0.699264740249431,0.201293770471627,0.423913043478261,1,10,0.576086956521739
AGAP004057__SITE04,0.699123405710209,0.200583736024151,0.423913043478261,1,10,0.576086956521739
AGAP004057__SITE05,0.98592853600891,0.0237211670363394,0.928571428571429,1,10,0.071428571428571
AGAP012991__SITE01,0.990174174222682,0.0129079595543775,0.9625,1,9,0.0375
AGAP012991__SITE02,0.998237202947348,0.00459401586698911,0.986111111111111,1,9,0.013888888888889
AGAP012991__SITE03,0.998456790123457,0.00462962962962965,0.986111111111111,1,9,0.013888888888889
AGAP012991__SITE04,0.954461943234191,0.0734596838286082,0.798507462686567,1,9,0.201492537313433
AGAP012991__SITE05,0.94017094017094,0.179487179487179,0.461538461538462,1,9,0.538461538461538
AGAP004739__SITE01,0.993589743589744,0.020271010642105,0.935897435897436,1,10,0.064102564102564
AGAP004739__SITE02,0.993589743589744,0.020271010642105,0.935897435897436,1,10,0.064102564102564
AGAP004739__SITE03,0.993589743589744,0.020271010642105,0.935897435897436,1,10,0.064102564102564
AGAP004739__SITE04,0.994871794871795,0.0162168085136839,0.948717948717949,1,10,0.051282051282051
AGAP004739__SITE05,1,0,1,1,10,0
AGAP008578__SITE01,0.985257904132904,0.0273964947777542,0.91025641025641,1,10,0.08974358974359
AGAP008578__SITE02,0.986591237466237,0.0274365946989907,0.91025641025641,1,10,0.08974358974359
AGAP008578__SITE03,0.975764878614389,0.0382363237969012,0.881818181818182,1,10,0.118181818181818
AGAP008578__SITE04,0.997537329819938,0.00413070415043815,0.98989898989899,1,10,0.0101010101010101
AGAP008578__SITE05,0.995857534719369,0.00478612708211595,0.985915492957746,1,10,0.0140845070422539
AGAP010220__SITE01,0.996794871794872,0.0101355053210525,0.967948717948718,1,10,0.0320512820512821
AGAP010220__SITE02,0.93648815672545,0.0906539338855299,0.781818181818182,1,10,0.218181818181818
AGAP010220__SITE03,0.93648815672545,0.0906539338855299,0.781818181818182,1,10,0.218181818181818
AGAP010220__SITE04,0.880755772005772,0.142539350840531,0.660714285714286,1,10,0.339285714285714
AGAP010220__SITE05,0.880755772005772,0.142539350840531,0.660714285714286,1,10,0.339285714285714
AGAP005920__SITE01,0.992248316498316,0.0196807181005883,0.9375,1,10,0.0625
AGAP005920__SITE02,0.996254848959074,0.00722225331953065,0.98,1,10,0.02
AGAP005920__SITE03,0.970444118598283,0.0331856205748564,0.893333333333333,1,10,0.106666666666667
AGAP005920__SITE04,0.995164372636051,0.00504466617924266,0.985507246376812,1,10,0.014492753623188
AGAP005920__SITE05,0.998323232323232,0.00362643613064193,0.98989898989899,1,10,0.0101010101010101
AGAP001108__SITE01,0.99983164983165,0.000532369976459408,0.998316498316498,1,10,0.00168350168350195
AGAP001108__SITE02,0.978662988581467,0.0292918411233019,0.929292929292929,1,10,0.0707070707070711
AGAP001108__SITE03,0.697161809570643,0.0938243810601949,0.583333333333333,0.9375,10,0.354166666666667
AGAP001108__SITE04,0.697161809570643,0.0938243810601949,0.583333333333333,0.9375,10,0.354166666666667
AGAP001108__SITE05,0.99658164198925,0.00503034913793067,0.9875,1,10,0.0125
AGAP010453__SITE01,0.990888790730034,0.0119188471230323,0.967391304347826,1,10,0.0326086956521739
AGAP010453__SITE02,0.962507807208894,0.0784057751038852,0.775641025641026,1,10,0.224358974358974
AGAP010453__SITE03,0.973645701061883,0.0514639969207589,0.833333333333333,1,10,0.166666666666667
AGAP010453__SITE04,0.973645701061883,0.0514639969207589,0.833333333333333,1,10,0.166666666666667
AGAP010453__SITE05,0.997682458386684,0.00502557874420611,0.985915492957746,1,10,0.0140845070422539
AGAP006098__SITE01,0.984568747649121,0.0173889976558209,0.953333333333333,1,10,0.046666666666667
AGAP006098__SITE02,0.985523937789094,0.0153319683473082,0.953333333333333,1,10,0.046666666666667
AGAP006098__SITE03,0.959409157735168,0.0419490248822927,0.866197183098592,1,10,0.133802816901408
AGAP006098__SITE04,0.961103684248663,0.0301977826902688,0.922535211267606,1,10,0.077464788732394
AGAP006098__SITE05,0.961608734753714,0.0300237898429631,0.922535211267606,1,10,0.077464788732394
AGAP006766__SITE01,0.994332780315328,0.00799769441993014,0.978260869565217,1,10,0.021739130434783
AGAP006766__SITE02,0.77016850392922,0.202982277755631,0.333333333333333,1,10,0.666666666666667
AGAP006766__SITE03,0.986857984607985,0.0115146154725733,0.972727272727273,1,10,0.027272727272727
AGAP006766__SITE04,0.981530604632717,0.0148813873331199,0.948717948717949,1,10,0.051282051282051
AGAP006766__SITE05,0.911849969653399,0.0510022122349742,0.833333333333333,0.987179487179487,10,0.153846153846154
AGAP007965__SITE01,0.578870578566384,0.202764606218889,0.17948717948718,0.840579710144928,10,0.661092530657748
AGAP007965__SITE02,0.974790552788256,0.0182747976969931,0.9375,1,10,0.0625
AGAP007965__SITE03,0.637940934196216,0.160757727099293,0.297101449275362,0.884615384615385,10,0.587513935340023
AGAP007965__SITE04,0.978864674579463,0.0179647837154146,0.946666666666667,1,10,0.053333333333333
AGAP007965__SITE05,0.364628988136107,0.111339929672742,0.166666666666667,0.5,10,0.333333333333333
AGAP007031__SITE01,0.951050783527896,0.14053856236335,0.551282051282051,1,10,0.448717948717949
AGAP007031__SITE02,0.950060876695598,0.140186467714113,0.551282051282051,1,10,0.448717948717949
AGAP007031__SITE03,0.968607881220863,0.0779423523292851,0.75,1,10,0.25
AGAP007031__SITE04,0.969281281894264,0.0782077010464553,0.75,1,10,0.25
AGAP007031__SITE05,0.99309373091867,0.00935198994307964,0.972727272727273,1,10,0.027272727272727
AGAP011377__SITE01,0.0830783448962414,0.0882240058947826,0,0.224358974358974,10,0.224358974358974
AGAP011377__SITE02,0.166730753681917,0.0806651036024315,0,0.289855072463768,10,0.289855072463768
AGAP011377__SITE03,0.406522111416401,0.15473566523095,0.173076923076923,0.708333333333333,10,0.53525641025641
AGAP011377__SITE04,0.892308378762604,0.0775590305437562,0.7625,0.985915492957746,10,0.223415492957746
AGAP011377__SITE05,0.970563150790263,0.0391153590642957,0.870535714285714,1,10,0.129464285714286
AGAP004050__SITE01,1,0,1,1,10,0
AGAP004050__SITE02,1,0,1,1,10,0
AGAP004050__SITE03,0.932739810109375,0.0715155066893206,0.8125,1,10,0.1875
AGAP004050__SITE04,0.932739810109375,0.0715155066893206,0.8125,1,10,0.1875
AGAP004050__SITE05,0.627375817354155,0.0997357168204489,0.478260869565217,0.790909090909091,10,0.312648221343874
AGAP028779__SITE01,0.945628394322898,0.0890997079813202,0.708333333333333,1,10,0.291666666666667
AGAP028779__SITE02,0.945628394322898,0.0890997079813202,0.708333333333333,1,10,0.291666666666667
AGAP028779__SITE03,0.945628394322898,0.0890997079813202,0.708333333333333,1,10,0.291666666666667
AGAP028779__SITE04,0.99983164983165,0.000532369976459408,0.998316498316498,1,10,0.00168350168350195
AGAP028779__SITE05,0.99983164983165,0.000532369976459408,0.998316498316498,1,10,0.00168350168350195
